tipo_crime,bairro,descricao_modus_operandi,arma_utilizada,quantidade_vitimas,quantidade_suspeitos,idade_suspeito,cluster,status_binario,status_investigacao
Sequestro,Imbiribeira,Golpe Telefônico,Faca,2,0,53,6,1,Concluído
Homicídio,Boa Viagem,Fraude Online,Objeto Contundente,4,1,29,8,0,Arquivado
Furto,Santo Amaro,Invasão Residencial,Nenhum,1,4,65,2,0,Arquivado
Roubo,Afogados,Arrombamento,Nenhum,1,4,30,5,1,Concluído
Roubo,Tamarineira,Estupro Coletivo,Arma de Fogo,3,3,20,7,1,Concluído
Sequestro,Boa Viagem,Estelionato Bancário,Explosivos,1,2,24,8,0,Arquivado
Latrocínio,Tamarineira,Golpe Telefônico,Faca,3,2,14,7,0,Arquivado
Ameaça,Torre,Emboscada,Faca,0,0,48,4,0,Arquivado
Furto,Boa Viagem,Estelionato Bancário,Objeto Contundente,1,4,62,8,0,Arquivado
Estupro,Tamarineira,Estelionato Bancário,Faca,2,1,47,7,0,Arquivado
Violência Doméstica,Tamarineira,Invasão Residencial,Explosivos,1,4,53,7,1,Concluído
Violência Doméstica,Boa Viagem,Assalto a Mão Armada,Objeto Contundente,3,3,24,8,0,Arquivado
Tráfico de Drogas,Boa Viagem,Assalto a Mão Armada,Explosivos,3,0,41,8,0,Arquivado
Violência Doméstica,Tamarineira,Uso de Arma de Fogo,Arma de Fogo,3,2,45,7,1,Concluído
Estelionato,Afogados,Arrombamento,Explosivos,1,4,35,5,1,Concluído
Furto,Espinheiro,Fraude Online,Arma de Fogo,4,1,56,3,1,Concluído
Violência Doméstica,Tamarineira,Estelionato Bancário,Faca,2,4,18,7,0,Arquivado
Furto,Afogados,Crime Cibernético,Faca,1,1,56,5,1,Concluído
Estelionato,Tamarineira,Invasão Residencial,Objeto Contundente,1,2,51,7,1,Concluído
Violência Doméstica,Boa Viagem,Estelionato Bancário,Faca,4,2,44,8,0,Arquivado
Violência Doméstica,Torre,Crime Cibernético,Explosivos,1,0,30,4,1,Concluído
Furto,Espinheiro,Arrombamento,Arma de Fogo,4,4,34,3,0,Arquivado
Ameaça,Boa Viagem,Invasão Residencial,Faca,4,4,32,8,1,Concluído
Roubo,Espinheiro,Invasão Residencial,Objeto Contundente,4,4,55,3,0,Arquivado
Ameaça,Pina,Crime Cibernético,Nenhum,1,3,18,0,1,Concluído
Homicídio,Afogados,Invasão Residencial,Objeto Contundente,1,3,38,5,1,Concluído
Estelionato,Pina,Uso de Arma de Fogo,Objeto Contundente,1,4,49,0,0,Arquivado
Roubo,Espinheiro,Golpe Telefônico,Faca,0,2,24,3,0,Arquivado
Ameaça,Afogados,Uso de Arma de Fogo,Explosivos,2,4,24,5,1,Concluído
Ameaça,Casa Forte,Crime Cibernético,Arma de Fogo,0,2,56,2,0,Arquivado
Latrocínio,Tamarineira,Estelionato Bancário,Faca,4,4,62,7,1,Concluído
Latrocínio,Torre,Assalto a Mão Armada,Arma de Fogo,4,1,39,4,1,Concluído
Violência Doméstica,Pina,Golpe Telefônico,Objeto Contundente,2,0,58,0,1,Concluído
Tráfico de Drogas,Imbiribeira,Estupro Coletivo,Explosivos,1,4,34,6,1,Concluído
Homicídio,Imbiribeira,Golpe Telefônico,Explosivos,3,0,54,6,0,Arquivado
Estelionato,Santo Amaro,Estupro Coletivo,Arma de Fogo,0,4,34,2,1,Concluído
Homicídio,Graças,Invasão Residencial,Explosivos,4,2,35,1,1,Concluído
Estupro,Santo Amaro,Estelionato Bancário,Nenhum,3,4,20,2,0,Arquivado
Roubo,Graças,Fraude Online,Objeto Contundente,3,3,50,1,0,Arquivado
Furto,Pina,Uso de Arma de Fogo,Arma de Fogo,0,3,22,0,1,Concluído
Ameaça,Tamarineira,Assalto a Mão Armada,Nenhum,3,3,45,7,1,Concluído
Estupro,Casa Forte,Emboscada,Explosivos,2,0,41,2,1,Concluído
Estupro,Pina,Emboscada,Arma de Fogo,3,0,52,0,0,Arquivado
Violência Doméstica,Casa Forte,Crime Cibernético,Nenhum,2,0,66,2,0,Arquivado
Latrocínio,Afogados,Estelionato Bancário,Nenhum,1,2,38,5,0,Arquivado
Homicídio,Tamarineira,Fraude Online,Explosivos,4,3,60,7,0,Arquivado
Furto,Tamarineira,Estelionato Bancário,Nenhum,3,0,39,7,1,Concluído
Estupro,Santo Amaro,Arrombamento,Nenhum,3,2,19,2,1,Concluído
Violência Doméstica,Afogados,Crime Cibernético,Nenhum,3,1,32,5,0,Arquivado
Latrocínio,Torre,Emboscada,Nenhum,2,2,46,4,0,Arquivado
Violência Doméstica,Imbiribeira,Fraude Online,Objeto Contundente,1,4,66,6,1,Concluído
Roubo,Torre,Fraude Online,Explosivos,3,4,56,4,0,Arquivado
Roubo,Tamarineira,Invasão Residencial,Objeto Contundente,2,0,28,7,1,Concluído
Violência Doméstica,Pina,Assalto a Mão Armada,Faca,1,3,42,0,1,Concluído
Ameaça,Pina,Emboscada,Nenhum,4,1,41,0,1,Concluído
Tráfico de Drogas,Torre,Crime Cibernético,Faca,0,4,67,4,0,Arquivado
Homicídio,Tamarineira,Golpe Telefônico,Faca,1,3,47,7,1,Concluído
Estelionato,Tamarineira,Crime Cibernético,Faca,4,1,20,7,1,Concluído
Ameaça,Graças,Arrombamento,Faca,0,2,62,1,0,Arquivado
Roubo,Santo Amaro,Assalto a Mão Armada,Nenhum,2,4,21,2,0,Arquivado
Homicídio,Casa Forte,Invasão Residencial,Nenhum,2,0,34,2,1,Concluído
Ameaça,Graças,Assalto a Mão Armada,Arma de Fogo,2,0,31,1,0,Arquivado
Homicídio,Santo Amaro,Fraude Online,Objeto Contundente,0,4,26,2,1,Concluído
Tráfico de Drogas,Torre,Golpe Telefônico,Faca,2,2,20,4,0,Arquivado
Violência Doméstica,Boa Viagem,Assalto a Mão Armada,Nenhum,3,3,17,8,1,Concluído
Sequestro,Graças,Crime Cibernético,Arma de Fogo,2,4,45,1,0,Arquivado
Furto,Tamarineira,Invasão Residencial,Arma de Fogo,3,2,31,7,1,Concluído
Sequestro,Torre,Fraude Online,Nenhum,4,4,45,4,0,Arquivado
Estupro,Torre,Emboscada,Objeto Contundente,0,0,63,4,1,Concluído
Estelionato,Espinheiro,Golpe Telefônico,Objeto Contundente,4,3,60,3,1,Concluído
Violência Doméstica,Boa Viagem,Estupro Coletivo,Faca,3,1,28,8,0,Arquivado
Ameaça,Boa Viagem,Estupro Coletivo,Arma de Fogo,4,0,66,8,0,Arquivado
Tráfico de Drogas,Santo Amaro,Estelionato Bancário,Faca,2,2,66,2,1,Concluído
Tráfico de Drogas,Tamarineira,Invasão Residencial,Explosivos,1,1,60,7,1,Concluído
Violência Doméstica,Espinheiro,Crime Cibernético,Arma de Fogo,3,2,31,3,1,Concluído
Violência Doméstica,Casa Forte,Fraude Online,Arma de Fogo,0,4,15,2,1,Concluído
Estupro,Tamarineira,Assalto a Mão Armada,Arma de Fogo,4,3,38,7,0,Arquivado
Roubo,Boa Viagem,Crime Cibernético,Explosivos,0,3,38,8,1,Concluído
Tráfico de Drogas,Graças,Uso de Arma de Fogo,Nenhum,2,4,26,1,1,Concluído
Roubo,Pina,Arrombamento,Objeto Contundente,4,0,31,0,0,Arquivado
Homicídio,Espinheiro,Assalto a Mão Armada,Objeto Contundente,1,1,45,3,1,Concluído
Furto,Torre,Assalto a Mão Armada,Faca,3,4,16,4,0,Arquivado
Latrocínio,Pina,Crime Cibernético,Arma de Fogo,4,3,43,0,1,Concluído
Ameaça,Pina,Fraude Online,Objeto Contundente,2,4,59,0,1,Concluído
Sequestro,Boa Viagem,Crime Cibernético,Nenhum,2,0,52,8,0,Arquivado
Ameaça,Afogados,Assalto a Mão Armada,Faca,2,4,25,5,0,Arquivado
Estelionato,Tamarineira,Arrombamento,Arma de Fogo,4,4,55,7,1,Concluído
Latrocínio,Imbiribeira,Golpe Telefônico,Explosivos,1,4,16,6,1,Concluído
Sequestro,Afogados,Crime Cibernético,Arma de Fogo,1,4,34,5,0,Arquivado
Estelionato,Torre,Arrombamento,Faca,3,1,53,4,0,Arquivado
Tráfico de Drogas,Graças,Estupro Coletivo,Explosivos,1,2,47,1,1,Concluído
Estupro,Casa Forte,Fraude Online,Arma de Fogo,0,4,46,2,1,Concluído
Estupro,Torre,Crime Cibernético,Objeto Contundente,1,2,21,4,1,Concluído
Estelionato,Boa Viagem,Assalto a Mão Armada,Arma de Fogo,1,0,51,8,0,Arquivado
Estelionato,Pina,Invasão Residencial,Explosivos,0,4,16,0,1,Concluído
Latrocínio,Tamarineira,Arrombamento,Arma de Fogo,3,4,35,7,1,Concluído
Sequestro,Afogados,Estupro Coletivo,Objeto Contundente,0,2,24,5,0,Arquivado
Roubo,Espinheiro,Uso de Arma de Fogo,Objeto Contundente,1,3,58,3,1,Concluído
Roubo,Casa Forte,Uso de Arma de Fogo,Explosivos,2,3,19,2,0,Arquivado
Sequestro,Espinheiro,Estelionato Bancário,Explosivos,0,0,47,3,1,Concluído
Tráfico de Drogas,Santo Amaro,Emboscada,Objeto Contundente,0,0,28,2,1,Concluído
Ameaça,Casa Forte,Assalto a Mão Armada,Faca,4,4,36,2,0,Arquivado
Latrocínio,Casa Forte,Golpe Telefônico,Faca,1,3,26,2,1,Concluído
Furto,Pina,Estupro Coletivo,Objeto Contundente,0,4,39,0,0,Arquivado
Homicídio,Boa Viagem,Golpe Telefônico,Objeto Contundente,0,0,61,8,1,Concluído
Latrocínio,Torre,Golpe Telefônico,Faca,0,2,30,4,0,Arquivado
Roubo,Pina,Estupro Coletivo,Explosivos,2,0,60,0,0,Arquivado
Estupro,Casa Forte,Emboscada,Nenhum,4,4,35,2,0,Arquivado
Tráfico de Drogas,Torre,Estelionato Bancário,Nenhum,0,4,65,4,1,Concluído
Furto,Torre,Arrombamento,Faca,0,0,21,4,0,Arquivado
Tráfico de Drogas,Espinheiro,Emboscada,Nenhum,0,2,66,3,0,Arquivado
Violência Doméstica,Imbiribeira,Golpe Telefônico,Arma de Fogo,4,0,65,6,0,Arquivado
Latrocínio,Santo Amaro,Assalto a Mão Armada,Nenhum,2,1,29,2,0,Arquivado
Estupro,Casa Forte,Estelionato Bancário,Objeto Contundente,2,0,64,2,1,Concluído
Estelionato,Afogados,Fraude Online,Explosivos,2,1,29,5,1,Concluído
Tráfico de Drogas,Casa Forte,Assalto a Mão Armada,Nenhum,2,2,50,2,1,Concluído
Tráfico de Drogas,Afogados,Estelionato Bancário,Arma de Fogo,1,3,39,5,1,Concluído
Roubo,Santo Amaro,Crime Cibernético,Explosivos,2,4,18,2,0,Arquivado
Ameaça,Tamarineira,Estupro Coletivo,Explosivos,2,4,63,7,1,Concluído
Latrocínio,Boa Viagem,Assalto a Mão Armada,Objeto Contundente,2,1,66,8,0,Arquivado
Latrocínio,Graças,Emboscada,Objeto Contundente,3,4,16,1,1,Concluído
Furto,Boa Viagem,Crime Cibernético,Explosivos,1,1,22,8,1,Concluído
Sequestro,Tamarineira,Estupro Coletivo,Objeto Contundente,3,3,22,7,0,Arquivado
Tráfico de Drogas,Santo Amaro,Fraude Online,Nenhum,0,0,37,2,1,Concluído
Ameaça,Graças,Fraude Online,Faca,1,3,19,1,0,Arquivado
Homicídio,Afogados,Assalto a Mão Armada,Arma de Fogo,3,0,47,5,1,Concluído
Estupro,Afogados,Golpe Telefônico,Explosivos,0,0,68,5,0,Arquivado
Latrocínio,Espinheiro,Estelionato Bancário,Explosivos,0,0,19,3,0,Arquivado
Estelionato,Pina,Estupro Coletivo,Nenhum,0,4,30,0,1,Concluído
Tráfico de Drogas,Santo Amaro,Fraude Online,Objeto Contundente,0,4,57,2,0,Arquivado
Homicídio,Torre,Emboscada,Arma de Fogo,3,2,57,4,1,Concluído
Sequestro,Torre,Crime Cibernético,Faca,2,1,46,4,0,Arquivado
Homicídio,Torre,Arrombamento,Arma de Fogo,3,4,41,4,1,Concluído
Furto,Afogados,Estelionato Bancário,Faca,0,1,44,5,1,Concluído
Homicídio,Graças,Golpe Telefônico,Arma de Fogo,1,0,22,1,0,Arquivado
Homicídio,Santo Amaro,Fraude Online,Nenhum,3,0,38,2,0,Arquivado
Furto,Graças,Arrombamento,Explosivos,0,4,60,1,1,Concluído
Sequestro,Santo Amaro,Uso de Arma de Fogo,Objeto Contundente,1,4,63,2,1,Concluído
Estupro,Torre,Arrombamento,Nenhum,3,2,18,4,1,Concluído
Violência Doméstica,Afogados,Emboscada,Nenhum,2,3,45,5,1,Concluído
Estelionato,Casa Forte,Crime Cibernético,Faca,3,3,14,2,0,Arquivado
Estupro,Torre,Estelionato Bancário,Nenhum,0,3,62,4,1,Concluído
Ameaça,Pina,Arrombamento,Faca,2,3,39,0,0,Arquivado
Violência Doméstica,Espinheiro,Estupro Coletivo,Faca,4,1,47,3,1,Concluído
Estupro,Santo Amaro,Assalto a Mão Armada,Faca,3,2,41,2,0,Arquivado
Estupro,Imbiribeira,Crime Cibernético,Explosivos,3,0,61,6,1,Concluído
Roubo,Casa Forte,Uso de Arma de Fogo,Faca,0,3,25,2,1,Concluído
Estupro,Santo Amaro,Golpe Telefônico,Nenhum,2,1,37,2,0,Arquivado
Furto,Pina,Uso de Arma de Fogo,Explosivos,0,0,66,0,0,Arquivado
Latrocínio,Casa Forte,Estelionato Bancário,Faca,2,2,22,2,0,Arquivado
Homicídio,Espinheiro,Invasão Residencial,Explosivos,1,4,50,3,1,Concluído
Latrocínio,Graças,Invasão Residencial,Faca,1,0,22,1,0,Arquivado
Latrocínio,Santo Amaro,Estupro Coletivo,Nenhum,0,0,56,2,1,Concluído
Roubo,Espinheiro,Estelionato Bancário,Nenhum,1,0,58,3,1,Concluído
Ameaça,Pina,Estelionato Bancário,Objeto Contundente,3,4,69,0,0,Arquivado
Latrocínio,Graças,Arrombamento,Explosivos,2,1,15,1,1,Concluído
Violência Doméstica,Pina,Invasão Residencial,Explosivos,2,4,32,0,0,Arquivado
Violência Doméstica,Casa Forte,Emboscada,Nenhum,4,4,25,2,1,Concluído
Roubo,Pina,Golpe Telefônico,Arma de Fogo,3,1,39,0,1,Concluído
Estelionato,Espinheiro,Assalto a Mão Armada,Arma de Fogo,1,1,31,3,1,Concluído
Estupro,Imbiribeira,Crime Cibernético,Arma de Fogo,3,0,66,6,1,Concluído
Ameaça,Torre,Uso de Arma de Fogo,Nenhum,2,1,69,4,1,Concluído
Tráfico de Drogas,Casa Forte,Fraude Online,Objeto Contundente,3,4,20,2,1,Concluído
Tráfico de Drogas,Casa Forte,Golpe Telefônico,Nenhum,2,0,56,2,1,Concluído
Tráfico de Drogas,Casa Forte,Invasão Residencial,Explosivos,4,0,34,2,0,Arquivado
Violência Doméstica,Santo Amaro,Arrombamento,Nenhum,3,1,17,2,1,Concluído
Ameaça,Afogados,Fraude Online,Faca,2,4,27,5,0,Arquivado
Estupro,Boa Viagem,Emboscada,Explosivos,3,1,59,8,0,Arquivado
Estelionato,Espinheiro,Golpe Telefônico,Arma de Fogo,4,3,50,3,0,Arquivado
Roubo,Espinheiro,Arrombamento,Arma de Fogo,3,4,48,3,1,Concluído
Homicídio,Casa Forte,Estupro Coletivo,Objeto Contundente,3,3,24,2,1,Concluído
Ameaça,Torre,Uso de Arma de Fogo,Nenhum,3,3,37,4,1,Concluído
Furto,Espinheiro,Uso de Arma de Fogo,Objeto Contundente,0,4,36,3,1,Concluído
Ameaça,Casa Forte,Invasão Residencial,Nenhum,4,1,20,2,0,Arquivado
Roubo,Imbiribeira,Arrombamento,Explosivos,1,2,58,6,1,Concluído
Ameaça,Espinheiro,Invasão Residencial,Nenhum,4,2,16,3,0,Arquivado
Estupro,Imbiribeira,Arrombamento,Nenhum,1,2,55,6,0,Arquivado
Estupro,Boa Viagem,Emboscada,Objeto Contundente,0,3,19,8,1,Concluído
Estupro,Boa Viagem,Emboscada,Objeto Contundente,2,1,58,8,1,Concluído
Furto,Graças,Fraude Online,Nenhum,0,4,54,1,0,Arquivado
Ameaça,Torre,Golpe Telefônico,Arma de Fogo,3,3,25,4,1,Concluído
Roubo,Torre,Emboscada,Arma de Fogo,0,4,48,4,1,Concluído
Sequestro,Casa Forte,Crime Cibernético,Explosivos,1,0,24,2,0,Arquivado
Furto,Torre,Fraude Online,Objeto Contundente,2,3,31,4,1,Concluído
Estupro,Tamarineira,Arrombamento,Nenhum,0,3,29,7,1,Concluído
Furto,Santo Amaro,Assalto a Mão Armada,Objeto Contundente,3,4,31,2,1,Concluído
Latrocínio,Afogados,Estelionato Bancário,Nenhum,1,4,54,5,1,Concluído
Estupro,Tamarineira,Estupro Coletivo,Nenhum,1,3,28,7,0,Arquivado
Violência Doméstica,Torre,Estupro Coletivo,Explosivos,4,4,28,4,1,Concluído
Sequestro,Espinheiro,Assalto a Mão Armada,Objeto Contundente,2,2,48,3,0,Arquivado
Tráfico de Drogas,Boa Viagem,Assalto a Mão Armada,Explosivos,1,0,56,8,0,Arquivado
Violência Doméstica,Torre,Assalto a Mão Armada,Objeto Contundente,3,0,38,4,0,Arquivado
Estupro,Tamarineira,Fraude Online,Explosivos,0,4,31,7,0,Arquivado
Furto,Tamarineira,Estelionato Bancário,Arma de Fogo,1,1,24,7,1,Concluído
Estupro,Pina,Emboscada,Objeto Contundente,2,3,34,0,0,Arquivado
Latrocínio,Espinheiro,Uso de Arma de Fogo,Objeto Contundente,2,0,24,3,1,Concluído
Estelionato,Imbiribeira,Uso de Arma de Fogo,Objeto Contundente,2,1,27,6,1,Concluído
Latrocínio,Tamarineira,Uso de Arma de Fogo,Nenhum,3,1,31,7,1,Concluído
Ameaça,Torre,Invasão Residencial,Arma de Fogo,4,4,68,4,0,Arquivado
Roubo,Pina,Estelionato Bancário,Arma de Fogo,0,2,36,0,1,Concluído
Estupro,Graças,Uso de Arma de Fogo,Faca,0,4,45,1,0,Arquivado
Furto,Tamarineira,Crime Cibernético,Objeto Contundente,2,2,37,7,0,Arquivado
Violência Doméstica,Espinheiro,Estelionato Bancário,Objeto Contundente,3,0,40,3,0,Arquivado
Latrocínio,Imbiribeira,Crime Cibernético,Arma de Fogo,4,0,38,6,0,Arquivado
Roubo,Imbiribeira,Fraude Online,Explosivos,4,2,22,6,1,Concluído
Ameaça,Casa Forte,Arrombamento,Explosivos,2,3,36,2,1,Concluído
Estupro,Imbiribeira,Assalto a Mão Armada,Explosivos,2,4,51,6,0,Arquivado
Sequestro,Torre,Invasão Residencial,Explosivos,1,3,28,4,1,Concluído
Violência Doméstica,Graças,Crime Cibernético,Objeto Contundente,1,1,21,1,0,Arquivado
Sequestro,Torre,Assalto a Mão Armada,Nenhum,3,4,66,4,1,Concluído
Estelionato,Pina,Invasão Residencial,Faca,1,3,49,0,0,Arquivado
Roubo,Graças,Invasão Residencial,Faca,4,3,45,1,1,Concluído
Violência Doméstica,Afogados,Invasão Residencial,Explosivos,4,1,43,5,1,Concluído
Sequestro,Tamarineira,Invasão Residencial,Faca,4,4,32,7,0,Arquivado
Roubo,Imbiribeira,Golpe Telefônico,Faca,2,3,43,6,0,Arquivado
Tráfico de Drogas,Torre,Assalto a Mão Armada,Objeto Contundente,2,2,58,4,1,Concluído
Violência Doméstica,Santo Amaro,Uso de Arma de Fogo,Nenhum,4,4,15,2,0,Arquivado
Estelionato,Espinheiro,Arrombamento,Faca,3,2,16,3,0,Arquivado
Furto,Graças,Assalto a Mão Armada,Faca,1,4,40,1,1,Concluído
Roubo,Afogados,Golpe Telefônico,Arma de Fogo,2,0,24,5,1,Concluído
Latrocínio,Torre,Invasão Residencial,Faca,3,1,61,4,1,Concluído
Roubo,Tamarineira,Emboscada,Nenhum,1,2,64,7,0,Arquivado
Furto,Boa Viagem,Estelionato Bancário,Faca,4,0,39,8,1,Concluído
Sequestro,Graças,Fraude Online,Nenhum,0,3,48,1,0,Arquivado
Roubo,Tamarineira,Crime Cibernético,Nenhum,1,2,66,7,1,Concluído
Estelionato,Afogados,Fraude Online,Faca,0,3,27,5,1,Concluído
Roubo,Graças,Estupro Coletivo,Nenhum,4,0,41,1,1,Concluído
Sequestro,Graças,Emboscada,Nenhum,1,4,65,1,0,Arquivado
Latrocínio,Graças,Golpe Telefônico,Arma de Fogo,3,2,61,1,1,Concluído
Roubo,Graças,Estupro Coletivo,Nenhum,3,1,42,1,0,Arquivado
Violência Doméstica,Tamarineira,Estupro Coletivo,Nenhum,1,1,42,7,1,Concluído
Estupro,Pina,Estelionato Bancário,Arma de Fogo,2,2,58,0,0,Arquivado
Tráfico de Drogas,Casa Forte,Uso de Arma de Fogo,Objeto Contundente,2,2,59,2,0,Arquivado
Estelionato,Boa Viagem,Estupro Coletivo,Explosivos,0,3,36,8,1,Concluído
Estupro,Torre,Invasão Residencial,Arma de Fogo,2,1,16,4,0,Arquivado
Violência Doméstica,Afogados,Uso de Arma de Fogo,Arma de Fogo,3,3,30,5,0,Arquivado
Homicídio,Casa Forte,Assalto a Mão Armada,Nenhum,2,0,46,2,1,Concluído
Sequestro,Santo Amaro,Estelionato Bancário,Explosivos,4,1,48,2,1,Concluído
Homicídio,Boa Viagem,Fraude Online,Nenhum,2,3,42,8,1,Concluído
Estelionato,Torre,Uso de Arma de Fogo,Objeto Contundente,3,3,63,4,0,Arquivado
Estelionato,Boa Viagem,Invasão Residencial,Faca,4,1,39,8,1,Concluído
Estelionato,Pina,Uso de Arma de Fogo,Faca,1,4,28,0,0,Arquivado
Latrocínio,Casa Forte,Fraude Online,Explosivos,0,0,45,2,0,Arquivado
Furto,Pina,Emboscada,Arma de Fogo,2,4,51,0,1,Concluído
Estupro,Boa Viagem,Emboscada,Objeto Contundente,0,2,15,8,0,Arquivado
Tráfico de Drogas,Boa Viagem,Estupro Coletivo,Explosivos,4,4,14,8,1,Concluído
Sequestro,Santo Amaro,Arrombamento,Objeto Contundente,1,3,42,2,0,Arquivado
Sequestro,Graças,Invasão Residencial,Nenhum,4,1,48,1,1,Concluído
Ameaça,Espinheiro,Assalto a Mão Armada,Nenhum,0,4,49,3,0,Arquivado
Estupro,Espinheiro,Assalto a Mão Armada,Arma de Fogo,0,3,40,3,0,Arquivado
Estupro,Espinheiro,Fraude Online,Explosivos,2,4,25,3,1,Concluído
Latrocínio,Tamarineira,Arrombamento,Objeto Contundente,1,3,56,7,1,Concluído
Violência Doméstica,Tamarineira,Emboscada,Faca,0,1,25,7,0,Arquivado
Homicídio,Afogados,Assalto a Mão Armada,Arma de Fogo,2,4,19,5,1,Concluído
Sequestro,Casa Forte,Emboscada,Faca,3,4,24,2,1,Concluído
Sequestro,Pina,Estupro Coletivo,Arma de Fogo,3,3,62,0,1,Concluído
Furto,Tamarineira,Fraude Online,Objeto Contundente,0,0,59,7,0,Arquivado
Sequestro,Tamarineira,Assalto a Mão Armada,Nenhum,0,2,20,7,0,Arquivado
Latrocínio,Pina,Estelionato Bancário,Arma de Fogo,3,4,17,0,1,Concluído
Violência Doméstica,Santo Amaro,Assalto a Mão Armada,Explosivos,1,4,14,2,0,Arquivado
Latrocínio,Afogados,Assalto a Mão Armada,Arma de Fogo,4,3,52,5,0,Arquivado
Furto,Tamarineira,Invasão Residencial,Faca,0,2,67,7,0,Arquivado
Estupro,Graças,Fraude Online,Explosivos,2,3,34,1,0,Arquivado
Violência Doméstica,Torre,Invasão Residencial,Objeto Contundente,0,2,14,4,1,Concluído
Furto,Boa Viagem,Invasão Residencial,Nenhum,2,0,66,8,0,Arquivado
Latrocínio,Tamarineira,Fraude Online,Explosivos,1,4,44,7,1,Concluído
Violência Doméstica,Tamarineira,Estelionato Bancário,Explosivos,0,0,60,7,1,Concluído
Homicídio,Tamarineira,Fraude Online,Explosivos,4,1,28,7,0,Arquivado
Homicídio,Graças,Invasão Residencial,Arma de Fogo,3,2,64,1,0,Arquivado
Sequestro,Torre,Arrombamento,Explosivos,1,2,49,4,0,Arquivado
Latrocínio,Espinheiro,Invasão Residencial,Explosivos,1,4,60,3,1,Concluído
Roubo,Boa Viagem,Arrombamento,Explosivos,2,1,43,8,0,Arquivado
Estupro,Graças,Emboscada,Explosivos,0,3,65,1,1,Concluído
Estupro,Boa Viagem,Uso de Arma de Fogo,Objeto Contundente,1,2,20,8,0,Arquivado
Tráfico de Drogas,Tamarineira,Estelionato Bancário,Faca,3,1,19,7,1,Concluído
Ameaça,Afogados,Crime Cibernético,Arma de Fogo,0,1,24,5,1,Concluído
Furto,Torre,Assalto a Mão Armada,Arma de Fogo,4,3,46,4,1,Concluído
Sequestro,Santo Amaro,Estelionato Bancário,Explosivos,1,0,44,2,1,Concluído
Estelionato,Espinheiro,Estupro Coletivo,Arma de Fogo,4,2,31,3,1,Concluído
Roubo,Torre,Crime Cibernético,Explosivos,2,0,26,4,0,Arquivado
Violência Doméstica,Boa Viagem,Emboscada,Nenhum,4,1,22,8,1,Concluído
Latrocínio,Imbiribeira,Crime Cibernético,Objeto Contundente,0,1,67,6,1,Concluído
Violência Doméstica,Santo Amaro,Crime Cibernético,Faca,1,1,55,2,1,Concluído
Latrocínio,Torre,Invasão Residencial,Faca,0,4,44,4,1,Concluído
Tráfico de Drogas,Pina,Emboscada,Objeto Contundente,0,2,56,0,1,Concluído
Ameaça,Santo Amaro,Crime Cibernético,Arma de Fogo,0,0,69,2,1,Concluído
Violência Doméstica,Casa Forte,Invasão Residencial,Faca,2,4,47,2,1,Concluído
Latrocínio,Torre,Emboscada,Nenhum,0,3,32,4,0,Arquivado
Sequestro,Santo Amaro,Uso de Arma de Fogo,Faca,4,3,15,2,0,Arquivado
Ameaça,Tamarineira,Estelionato Bancário,Nenhum,3,1,69,7,0,Arquivado
Sequestro,Pina,Invasão Residencial,Objeto Contundente,1,4,21,0,1,Concluído
Estupro,Espinheiro,Assalto a Mão Armada,Objeto Contundente,3,0,22,3,0,Arquivado
Estelionato,Imbiribeira,Crime Cibernético,Nenhum,0,2,33,6,0,Arquivado
Ameaça,Casa Forte,Invasão Residencial,Explosivos,4,4,55,2,1,Concluído
Roubo,Santo Amaro,Fraude Online,Faca,3,4,50,2,1,Concluído
Homicídio,Espinheiro,Golpe Telefônico,Objeto Contundente,2,4,59,3,0,Arquivado
Tráfico de Drogas,Afogados,Crime Cibernético,Nenhum,3,1,16,5,1,Concluído
Sequestro,Pina,Invasão Residencial,Objeto Contundente,2,1,24,0,0,Arquivado
Latrocínio,Espinheiro,Arrombamento,Explosivos,3,3,28,3,1,Concluído
Sequestro,Santo Amaro,Crime Cibernético,Objeto Contundente,2,2,20,2,1,Concluído
Tráfico de Drogas,Imbiribeira,Estupro Coletivo,Nenhum,0,4,60,6,0,Arquivado
Latrocínio,Boa Viagem,Assalto a Mão Armada,Explosivos,1,1,40,8,0,Arquivado
Sequestro,Tamarineira,Golpe Telefônico,Nenhum,3,0,52,7,1,Concluído
Latrocínio,Torre,Golpe Telefônico,Nenhum,2,2,44,4,1,Concluído
Violência Doméstica,Boa Viagem,Estelionato Bancário,Faca,2,3,28,8,0,Arquivado
Furto,Pina,Emboscada,Faca,1,2,18,0,1,Concluído
Estelionato,Torre,Emboscada,Explosivos,0,2,41,4,0,Arquivado
Roubo,Tamarineira,Uso de Arma de Fogo,Arma de Fogo,1,4,30,7,1,Concluído
Sequestro,Torre,Emboscada,Nenhum,4,2,60,4,0,Arquivado
Latrocínio,Santo Amaro,Invasão Residencial,Faca,0,3,37,2,0,Arquivado
Furto,Tamarineira,Golpe Telefônico,Arma de Fogo,0,3,15,7,1,Concluído
Furto,Boa Viagem,Assalto a Mão Armada,Arma de Fogo,4,4,63,8,1,Concluído
Sequestro,Torre,Crime Cibernético,Objeto Contundente,3,2,29,4,1,Concluído
Tráfico de Drogas,Casa Forte,Estupro Coletivo,Nenhum,3,2,41,2,0,Arquivado
Furto,Imbiribeira,Golpe Telefônico,Objeto Contundente,0,1,19,6,1,Concluído
Latrocínio,Imbiribeira,Arrombamento,Explosivos,0,3,68,6,0,Arquivado
Ameaça,Tamarineira,Invasão Residencial,Faca,4,2,64,7,1,Concluído
Violência Doméstica,Boa Viagem,Invasão Residencial,Arma de Fogo,3,2,18,8,0,Arquivado
Tráfico de Drogas,Tamarineira,Uso de Arma de Fogo,Arma de Fogo,3,0,40,7,1,Concluído
Roubo,Afogados,Fraude Online,Objeto Contundente,0,4,50,5,1,Concluído
Furto,Casa Forte,Fraude Online,Objeto Contundente,2,4,41,2,1,Concluído
Latrocínio,Casa Forte,Arrombamento,Explosivos,1,4,59,2,1,Concluído
Tráfico de Drogas,Torre,Uso de Arma de Fogo,Objeto Contundente,4,1,66,4,1,Concluído
Ameaça,Afogados,Assalto a Mão Armada,Explosivos,4,4,66,5,1,Concluído
Estupro,Imbiribeira,Estupro Coletivo,Objeto Contundente,0,1,55,6,1,Concluído
Roubo,Pina,Emboscada,Arma de Fogo,0,1,38,0,1,Concluído
Ameaça,Graças,Fraude Online,Faca,2,1,44,1,0,Arquivado
Roubo,Pina,Golpe Telefônico,Arma de Fogo,1,2,29,0,0,Arquivado
Ameaça,Torre,Invasão Residencial,Objeto Contundente,0,4,57,4,0,Arquivado
Sequestro,Espinheiro,Golpe Telefônico,Objeto Contundente,1,4,36,3,1,Concluído
Tráfico de Drogas,Pina,Estupro Coletivo,Explosivos,3,2,41,0,0,Arquivado
Tráfico de Drogas,Boa Viagem,Estupro Coletivo,Objeto Contundente,0,2,26,8,1,Concluído
Latrocínio,Tamarineira,Emboscada,Arma de Fogo,2,0,45,7,1,Concluído
Tráfico de Drogas,Espinheiro,Invasão Residencial,Nenhum,2,2,31,3,0,Arquivado
Estelionato,Pina,Crime Cibernético,Faca,3,4,46,0,1,Concluído
Tráfico de Drogas,Tamarineira,Crime Cibernético,Objeto Contundente,0,0,47,7,0,Arquivado
Estupro,Boa Viagem,Assalto a Mão Armada,Arma de Fogo,4,2,33,8,1,Concluído
Latrocínio,Boa Viagem,Invasão Residencial,Nenhum,3,0,34,8,0,Arquivado
Latrocínio,Pina,Emboscada,Explosivos,1,3,28,0,1,Concluído
Roubo,Boa Viagem,Fraude Online,Objeto Contundente,3,1,51,8,0,Arquivado
Estupro,Torre,Uso de Arma de Fogo,Nenhum,4,0,34,4,0,Arquivado
Roubo,Espinheiro,Assalto a Mão Armada,Arma de Fogo,3,3,38,3,1,Concluído
Violência Doméstica,Afogados,Crime Cibernético,Explosivos,2,3,49,5,0,Arquivado
Latrocínio,Pina,Uso de Arma de Fogo,Objeto Contundente,3,3,58,0,0,Arquivado
Furto,Santo Amaro,Assalto a Mão Armada,Arma de Fogo,4,0,35,2,0,Arquivado
Homicídio,Afogados,Invasão Residencial,Objeto Contundente,1,1,55,5,1,Concluído
Violência Doméstica,Pina,Fraude Online,Faca,4,1,28,0,0,Arquivado
Roubo,Tamarineira,Assalto a Mão Armada,Faca,1,0,15,7,1,Concluído
Ameaça,Afogados,Emboscada,Explosivos,4,2,52,5,1,Concluído
Estupro,Imbiribeira,Crime Cibernético,Faca,4,2,17,6,0,Arquivado
Tráfico de Drogas,Pina,Invasão Residencial,Arma de Fogo,3,0,67,0,1,Concluído
Estelionato,Graças,Golpe Telefônico,Faca,4,3,29,1,0,Arquivado
Estelionato,Boa Viagem,Assalto a Mão Armada,Explosivos,3,0,32,8,0,Arquivado
Tráfico de Drogas,Tamarineira,Assalto a Mão Armada,Explosivos,4,3,24,7,1,Concluído
Homicídio,Afogados,Assalto a Mão Armada,Arma de Fogo,1,2,41,5,0,Arquivado
Latrocínio,Santo Amaro,Assalto a Mão Armada,Nenhum,0,2,32,2,0,Arquivado
Estelionato,Casa Forte,Invasão Residencial,Nenhum,2,1,27,2,1,Concluído
Furto,Pina,Fraude Online,Nenhum,2,1,40,0,0,Arquivado
Ameaça,Torre,Uso de Arma de Fogo,Objeto Contundente,1,0,59,4,1,Concluído
Tráfico de Drogas,Tamarineira,Arrombamento,Explosivos,1,2,40,7,1,Concluído
Ameaça,Imbiribeira,Assalto a Mão Armada,Objeto Contundente,0,2,19,6,1,Concluído
Furto,Boa Viagem,Assalto a Mão Armada,Arma de Fogo,4,1,69,8,0,Arquivado
Homicídio,Torre,Estupro Coletivo,Nenhum,0,1,40,4,1,Concluído
Tráfico de Drogas,Boa Viagem,Assalto a Mão Armada,Nenhum,3,3,16,8,1,Concluído
Latrocínio,Santo Amaro,Crime Cibernético,Faca,0,0,21,2,0,Arquivado
Ameaça,Torre,Crime Cibernético,Nenhum,3,2,49,4,0,Arquivado
Ameaça,Pina,Crime Cibernético,Faca,4,0,37,0,1,Concluído
Tráfico de Drogas,Tamarineira,Golpe Telefônico,Objeto Contundente,4,3,39,7,0,Arquivado
Violência Doméstica,Imbiribeira,Golpe Telefônico,Faca,2,0,54,6,1,Concluído
Sequestro,Espinheiro,Golpe Telefônico,Nenhum,4,0,64,3,1,Concluído
Estupro,Tamarineira,Estupro Coletivo,Objeto Contundente,0,3,26,7,1,Concluído
Estupro,Pina,Estelionato Bancário,Objeto Contundente,4,4,30,0,0,Arquivado
Estupro,Torre,Emboscada,Explosivos,3,1,26,4,0,Arquivado
Violência Doméstica,Torre,Estelionato Bancário,Nenhum,2,1,66,4,1,Concluído
Furto,Graças,Fraude Online,Nenhum,4,1,68,1,0,Arquivado
Latrocínio,Pina,Golpe Telefônico,Objeto Contundente,3,0,54,0,0,Arquivado
Violência Doméstica,Graças,Fraude Online,Objeto Contundente,3,1,41,1,0,Arquivado
Latrocínio,Torre,Arrombamento,Explosivos,2,2,45,4,0,Arquivado
Homicídio,Tamarineira,Assalto a Mão Armada,Nenhum,2,3,35,7,1,Concluído
Homicídio,Graças,Emboscada,Objeto Contundente,0,1,60,1,0,Arquivado
Latrocínio,Tamarineira,Assalto a Mão Armada,Explosivos,4,4,55,7,0,Arquivado
Estelionato,Graças,Estupro Coletivo,Explosivos,4,1,55,1,0,Arquivado
Estupro,Afogados,Fraude Online,Faca,1,0,23,5,1,Concluído
Estupro,Afogados,Estupro Coletivo,Nenhum,0,4,25,5,0,Arquivado
Homicídio,Tamarineira,Uso de Arma de Fogo,Faca,4,1,23,7,0,Arquivado
Roubo,Pina,Golpe Telefônico,Nenhum,3,4,16,0,1,Concluído
Roubo,Afogados,Uso de Arma de Fogo,Explosivos,2,2,30,5,1,Concluído
Violência Doméstica,Boa Viagem,Assalto a Mão Armada,Nenhum,1,1,69,8,1,Concluído
Sequestro,Pina,Emboscada,Objeto Contundente,4,2,14,0,1,Concluído
Tráfico de Drogas,Espinheiro,Fraude Online,Nenhum,4,1,22,3,1,Concluído
Tráfico de Drogas,Espinheiro,Estelionato Bancário,Arma de Fogo,0,3,61,3,0,Arquivado
Violência Doméstica,Graças,Uso de Arma de Fogo,Arma de Fogo,0,4,35,1,0,Arquivado
Ameaça,Boa Viagem,Fraude Online,Faca,0,0,41,8,0,Arquivado
Violência Doméstica,Imbiribeira,Fraude Online,Arma de Fogo,4,1,23,6,1,Concluído
Tráfico de Drogas,Espinheiro,Golpe Telefônico,Explosivos,0,3,14,3,0,Arquivado
Furto,Torre,Crime Cibernético,Explosivos,4,2,26,4,0,Arquivado
Ameaça,Imbiribeira,Arrombamento,Explosivos,4,3,48,6,0,Arquivado
Estelionato,Graças,Golpe Telefônico,Explosivos,4,3,18,1,0,Arquivado
Latrocínio,Torre,Estupro Coletivo,Objeto Contundente,0,1,38,4,1,Concluído
Estelionato,Afogados,Arrombamento,Explosivos,1,0,62,5,0,Arquivado
Tráfico de Drogas,Tamarineira,Golpe Telefônico,Nenhum,2,2,53,7,0,Arquivado
Ameaça,Tamarineira,Emboscada,Arma de Fogo,1,3,61,7,1,Concluído
Sequestro,Pina,Emboscada,Nenhum,3,2,68,0,1,Concluído
Ameaça,Imbiribeira,Uso de Arma de Fogo,Objeto Contundente,4,4,59,6,1,Concluído
Estelionato,Afogados,Assalto a Mão Armada,Arma de Fogo,3,2,57,5,1,Concluído
Furto,Boa Viagem,Assalto a Mão Armada,Explosivos,2,1,49,8,1,Concluído
Ameaça,Graças,Uso de Arma de Fogo,Nenhum,4,0,52,1,1,Concluído
Estupro,Espinheiro,Uso de Arma de Fogo,Objeto Contundente,4,0,16,3,0,Arquivado
Sequestro,Tamarineira,Assalto a Mão Armada,Nenhum,3,1,29,7,0,Arquivado
Sequestro,Graças,Assalto a Mão Armada,Explosivos,1,1,68,1,0,Arquivado
Ameaça,Afogados,Uso de Arma de Fogo,Explosivos,2,1,45,5,0,Arquivado
Tráfico de Drogas,Torre,Estupro Coletivo,Nenhum,1,4,24,4,1,Concluído
Estelionato,Afogados,Estelionato Bancário,Explosivos,2,3,66,5,0,Arquivado
Violência Doméstica,Afogados,Emboscada,Faca,4,3,56,5,1,Concluído
Tráfico de Drogas,Graças,Emboscada,Explosivos,4,2,54,1,0,Arquivado
Furto,Tamarineira,Emboscada,Explosivos,0,3,19,7,0,Arquivado
Sequestro,Imbiribeira,Fraude Online,Arma de Fogo,2,3,39,6,1,Concluído
Latrocínio,Imbiribeira,Estupro Coletivo,Nenhum,2,3,25,6,1,Concluído
Roubo,Pina,Arrombamento,Faca,0,3,26,0,0,Arquivado
Latrocínio,Pina,Assalto a Mão Armada,Objeto Contundente,4,4,61,0,1,Concluído
Estupro,Torre,Uso de Arma de Fogo,Explosivos,4,0,54,4,1,Concluído
Roubo,Imbiribeira,Estupro Coletivo,Objeto Contundente,3,0,23,6,0,Arquivado
Homicídio,Casa Forte,Estupro Coletivo,Faca,1,2,26,2,0,Arquivado
Tráfico de Drogas,Graças,Crime Cibernético,Faca,2,2,69,1,1,Concluído
Estelionato,Torre,Invasão Residencial,Faca,0,2,69,4,0,Arquivado
Estupro,Torre,Estupro Coletivo,Objeto Contundente,0,0,67,4,1,Concluído
Violência Doméstica,Espinheiro,Assalto a Mão Armada,Faca,4,3,30,3,0,Arquivado
Ameaça,Afogados,Arrombamento,Explosivos,1,4,42,5,1,Concluído
Roubo,Pina,Crime Cibernético,Explosivos,0,2,28,0,0,Arquivado
Tráfico de Drogas,Graças,Estelionato Bancário,Arma de Fogo,2,3,67,1,1,Concluído
Tráfico de Drogas,Pina,Estelionato Bancário,Objeto Contundente,2,1,35,0,0,Arquivado
Violência Doméstica,Santo Amaro,Estelionato Bancário,Arma de Fogo,4,2,48,2,0,Arquivado
Violência Doméstica,Pina,Golpe Telefônico,Arma de Fogo,4,2,51,0,0,Arquivado
Ameaça,Imbiribeira,Invasão Residencial,Nenhum,2,4,25,6,1,Concluído
Ameaça,Torre,Estupro Coletivo,Explosivos,2,4,68,4,1,Concluído
Latrocínio,Tamarineira,Estupro Coletivo,Arma de Fogo,1,1,24,7,1,Concluído
Homicídio,Casa Forte,Invasão Residencial,Nenhum,0,1,19,2,1,Concluído
Sequestro,Espinheiro,Emboscada,Nenhum,1,1,55,3,1,Concluído
Roubo,Torre,Assalto a Mão Armada,Arma de Fogo,0,1,56,4,1,Concluído
Roubo,Graças,Golpe Telefônico,Nenhum,3,0,69,1,0,Arquivado
Estupro,Pina,Uso de Arma de Fogo,Arma de Fogo,1,4,65,0,1,Concluído
Latrocínio,Torre,Emboscada,Arma de Fogo,3,0,69,4,1,Concluído
Violência Doméstica,Graças,Fraude Online,Explosivos,3,4,43,1,0,Arquivado
Sequestro,Torre,Fraude Online,Arma de Fogo,3,2,17,4,1,Concluído
Furto,Afogados,Fraude Online,Faca,3,0,69,5,0,Arquivado
Roubo,Tamarineira,Uso de Arma de Fogo,Explosivos,3,2,39,7,0,Arquivado
Sequestro,Casa Forte,Estelionato Bancário,Arma de Fogo,0,1,69,2,0,Arquivado
Latrocínio,Graças,Invasão Residencial,Objeto Contundente,1,2,35,1,0,Arquivado
Ameaça,Imbiribeira,Invasão Residencial,Objeto Contundente,4,2,14,6,0,Arquivado
Homicídio,Afogados,Assalto a Mão Armada,Explosivos,1,4,17,5,0,Arquivado
Estelionato,Casa Forte,Uso de Arma de Fogo,Objeto Contundente,2,1,61,2,0,Arquivado
Furto,Imbiribeira,Crime Cibernético,Arma de Fogo,3,4,44,6,0,Arquivado
Homicídio,Santo Amaro,Estelionato Bancário,Arma de Fogo,1,1,38,2,0,Arquivado
Sequestro,Casa Forte,Estelionato Bancário,Objeto Contundente,0,0,20,2,1,Concluído
Violência Doméstica,Espinheiro,Estelionato Bancário,Explosivos,1,3,28,3,1,Concluído
Homicídio,Graças,Arrombamento,Objeto Contundente,3,0,43,1,1,Concluído
Estupro,Pina,Estelionato Bancário,Objeto Contundente,0,0,54,0,1,Concluído
Sequestro,Tamarineira,Crime Cibernético,Nenhum,2,3,64,7,0,Arquivado
Ameaça,Graças,Crime Cibernético,Faca,3,0,52,1,1,Concluído
Homicídio,Graças,Golpe Telefônico,Objeto Contundente,2,0,25,1,1,Concluído
Estelionato,Tamarineira,Fraude Online,Nenhum,4,0,57,7,0,Arquivado
Violência Doméstica,Afogados,Fraude Online,Explosivos,2,4,39,5,1,Concluído
Roubo,Espinheiro,Golpe Telefônico,Faca,3,4,27,3,1,Concluído
Ameaça,Graças,Arrombamento,Arma de Fogo,2,1,44,1,0,Arquivado
Estelionato,Boa Viagem,Crime Cibernético,Objeto Contundente,4,4,67,8,1,Concluído
Furto,Afogados,Invasão Residencial,Objeto Contundente,4,1,50,5,0,Arquivado
Sequestro,Torre,Estupro Coletivo,Objeto Contundente,3,2,35,4,0,Arquivado
Furto,Afogados,Crime Cibernético,Faca,0,0,50,5,1,Concluído
Roubo,Santo Amaro,Estupro Coletivo,Faca,0,4,65,2,1,Concluído
Estupro,Imbiribeira,Invasão Residencial,Explosivos,3,4,41,6,1,Concluído
Estupro,Casa Forte,Arrombamento,Nenhum,3,4,57,2,1,Concluído
Tráfico de Drogas,Torre,Uso de Arma de Fogo,Objeto Contundente,1,0,39,4,0,Arquivado
Homicídio,Afogados,Crime Cibernético,Objeto Contundente,1,1,31,5,1,Concluído
Tráfico de Drogas,Santo Amaro,Invasão Residencial,Objeto Contundente,3,1,55,2,0,Arquivado
Furto,Espinheiro,Arrombamento,Objeto Contundente,1,1,27,3,1,Concluído
Latrocínio,Espinheiro,Uso de Arma de Fogo,Objeto Contundente,3,3,16,3,1,Concluído
Roubo,Graças,Uso de Arma de Fogo,Explosivos,0,1,29,1,1,Concluído
Furto,Casa Forte,Estupro Coletivo,Explosivos,4,4,53,2,0,Arquivado
Estupro,Imbiribeira,Arrombamento,Arma de Fogo,3,0,44,6,1,Concluído
Estelionato,Pina,Estupro Coletivo,Nenhum,0,1,24,0,1,Concluído
Tráfico de Drogas,Espinheiro,Fraude Online,Nenhum,4,3,37,3,0,Arquivado
Latrocínio,Afogados,Estelionato Bancário,Arma de Fogo,2,1,34,5,1,Concluído
Latrocínio,Espinheiro,Fraude Online,Explosivos,3,1,67,3,1,Concluído
Roubo,Pina,Invasão Residencial,Explosivos,0,1,17,0,0,Arquivado
Latrocínio,Tamarineira,Crime Cibernético,Faca,1,4,27,7,1,Concluído
Ameaça,Imbiribeira,Crime Cibernético,Arma de Fogo,1,2,19,6,0,Arquivado
Tráfico de Drogas,Graças,Estelionato Bancário,Arma de Fogo,1,0,58,1,1,Concluído
Furto,Graças,Golpe Telefônico,Explosivos,1,2,19,1,1,Concluído
Roubo,Afogados,Estupro Coletivo,Nenhum,2,0,53,5,0,Arquivado
Homicídio,Imbiribeira,Golpe Telefônico,Explosivos,4,4,61,6,1,Concluído
Tráfico de Drogas,Pina,Uso de Arma de Fogo,Explosivos,4,0,34,0,0,Arquivado
Furto,Afogados,Emboscada,Explosivos,1,2,48,5,0,Arquivado
Homicídio,Afogados,Uso de Arma de Fogo,Nenhum,1,2,35,5,1,Concluído
Violência Doméstica,Graças,Crime Cibernético,Arma de Fogo,4,2,37,1,1,Concluído
Sequestro,Afogados,Fraude Online,Objeto Contundente,3,0,63,5,1,Concluído
Sequestro,Casa Forte,Arrombamento,Explosivos,4,1,35,2,0,Arquivado
Homicídio,Espinheiro,Arrombamento,Faca,3,4,56,3,0,Arquivado
Tráfico de Drogas,Casa Forte,Fraude Online,Arma de Fogo,1,0,28,2,0,Arquivado
Latrocínio,Tamarineira,Arrombamento,Nenhum,2,2,59,7,0,Arquivado
Furto,Graças,Emboscada,Objeto Contundente,2,4,34,1,1,Concluído
Estupro,Casa Forte,Invasão Residencial,Explosivos,2,0,22,2,1,Concluído
Homicídio,Espinheiro,Estelionato Bancário,Nenhum,3,0,56,3,1,Concluído
Ameaça,Pina,Emboscada,Objeto Contundente,2,2,60,0,0,Arquivado
Tráfico de Drogas,Tamarineira,Assalto a Mão Armada,Objeto Contundente,1,3,25,7,1,Concluído
Estupro,Imbiribeira,Estelionato Bancário,Explosivos,4,1,66,6,1,Concluído
Furto,Casa Forte,Invasão Residencial,Objeto Contundente,3,2,49,2,0,Arquivado
Homicídio,Espinheiro,Crime Cibernético,Faca,1,3,66,3,0,Arquivado
Tráfico de Drogas,Espinheiro,Assalto a Mão Armada,Arma de Fogo,2,0,19,3,0,Arquivado
Tráfico de Drogas,Boa Viagem,Invasão Residencial,Arma de Fogo,4,2,24,8,1,Concluído
Homicídio,Graças,Golpe Telefônico,Explosivos,0,0,50,1,0,Arquivado
Ameaça,Santo Amaro,Uso de Arma de Fogo,Arma de Fogo,2,3,38,2,1,Concluído
Violência Doméstica,Santo Amaro,Assalto a Mão Armada,Objeto Contundente,4,1,34,2,1,Concluído
Estelionato,Graças,Invasão Residencial,Nenhum,1,1,19,1,1,Concluído
Homicídio,Afogados,Golpe Telefônico,Nenhum,4,0,54,5,1,Concluído
Violência Doméstica,Casa Forte,Invasão Residencial,Explosivos,4,2,41,2,1,Concluído
Ameaça,Torre,Estupro Coletivo,Explosivos,2,3,16,4,0,Arquivado
Furto,Santo Amaro,Estupro Coletivo,Arma de Fogo,3,0,46,2,1,Concluído
Tráfico de Drogas,Pina,Emboscada,Nenhum,1,2,53,0,1,Concluído
Sequestro,Afogados,Crime Cibernético,Objeto Contundente,1,0,24,5,1,Concluído
Roubo,Imbiribeira,Crime Cibernético,Arma de Fogo,3,3,26,6,1,Concluído
Tráfico de Drogas,Afogados,Fraude Online,Objeto Contundente,0,0,44,5,0,Arquivado
Homicídio,Tamarineira,Golpe Telefônico,Nenhum,2,3,49,7,0,Arquivado
Latrocínio,Espinheiro,Uso de Arma de Fogo,Arma de Fogo,4,4,31,3,1,Concluído
Sequestro,Casa Forte,Estelionato Bancário,Nenhum,0,0,67,2,0,Arquivado
Violência Doméstica,Graças,Estelionato Bancário,Objeto Contundente,0,4,45,1,0,Arquivado
Violência Doméstica,Tamarineira,Golpe Telefônico,Arma de Fogo,2,1,31,7,0,Arquivado
Sequestro,Imbiribeira,Crime Cibernético,Arma de Fogo,3,0,21,6,0,Arquivado
Violência Doméstica,Afogados,Golpe Telefônico,Explosivos,0,3,34,5,1,Concluído
Estelionato,Graças,Emboscada,Objeto Contundente,0,3,24,1,0,Arquivado
Roubo,Boa Viagem,Emboscada,Explosivos,3,4,25,8,0,Arquivado
Homicídio,Imbiribeira,Estelionato Bancário,Explosivos,1,0,47,6,0,Arquivado
Furto,Casa Forte,Fraude Online,Nenhum,1,4,63,2,1,Concluído
Latrocínio,Graças,Golpe Telefônico,Nenhum,2,3,42,1,1,Concluído
Roubo,Casa Forte,Golpe Telefônico,Explosivos,2,1,29,2,0,Arquivado
Ameaça,Graças,Estupro Coletivo,Objeto Contundente,1,2,43,1,1,Concluído
Ameaça,Boa Viagem,Assalto a Mão Armada,Arma de Fogo,0,4,62,8,1,Concluído
Latrocínio,Santo Amaro,Arrombamento,Explosivos,0,2,22,2,1,Concluído
Roubo,Afogados,Invasão Residencial,Faca,2,4,68,5,1,Concluído
Estelionato,Boa Viagem,Golpe Telefônico,Nenhum,0,4,33,8,1,Concluído
Homicídio,Santo Amaro,Golpe Telefônico,Arma de Fogo,4,0,18,2,0,Arquivado
Latrocínio,Boa Viagem,Invasão Residencial,Faca,2,0,51,8,0,Arquivado
Estupro,Casa Forte,Emboscada,Nenhum,0,2,56,2,0,Arquivado
Estupro,Casa Forte,Emboscada,Explosivos,4,3,65,2,1,Concluído
Ameaça,Afogados,Golpe Telefônico,Explosivos,4,0,31,5,1,Concluído
Homicídio,Torre,Fraude Online,Faca,0,1,34,4,0,Arquivado
Estelionato,Pina,Invasão Residencial,Objeto Contundente,2,3,17,0,0,Arquivado
Furto,Casa Forte,Golpe Telefônico,Faca,0,1,59,2,1,Concluído
Roubo,Casa Forte,Fraude Online,Nenhum,4,4,21,2,0,Arquivado
Latrocínio,Tamarineira,Estelionato Bancário,Arma de Fogo,0,2,24,7,0,Arquivado
Violência Doméstica,Espinheiro,Golpe Telefônico,Explosivos,4,4,48,3,0,Arquivado
Furto,Santo Amaro,Assalto a Mão Armada,Faca,4,4,66,2,1,Concluído
Estelionato,Espinheiro,Estupro Coletivo,Objeto Contundente,0,1,30,3,1,Concluído
Homicídio,Casa Forte,Estupro Coletivo,Objeto Contundente,1,1,24,2,1,Concluído
Estelionato,Pina,Arrombamento,Faca,3,1,48,0,1,Concluído
Sequestro,Graças,Crime Cibernético,Nenhum,0,4,36,1,1,Concluído
Homicídio,Imbiribeira,Fraude Online,Explosivos,2,0,20,6,0,Arquivado
Sequestro,Afogados,Assalto a Mão Armada,Objeto Contundente,4,3,24,5,1,Concluído
Violência Doméstica,Graças,Estelionato Bancário,Explosivos,4,4,37,1,1,Concluído
Roubo,Afogados,Fraude Online,Objeto Contundente,0,4,64,5,0,Arquivado
Furto,Graças,Fraude Online,Explosivos,3,0,22,1,0,Arquivado
Ameaça,Graças,Arrombamento,Nenhum,4,1,52,1,1,Concluído
Tráfico de Drogas,Casa Forte,Arrombamento,Arma de Fogo,2,4,33,2,1,Concluído
Estelionato,Afogados,Emboscada,Objeto Contundente,3,4,50,5,1,Concluído
Ameaça,Imbiribeira,Emboscada,Faca,1,1,53,6,1,Concluído
Sequestro,Afogados,Arrombamento,Arma de Fogo,4,1,58,5,1,Concluído
Estelionato,Pina,Fraude Online,Faca,4,4,35,0,0,Arquivado
Sequestro,Tamarineira,Uso de Arma de Fogo,Arma de Fogo,4,4,23,7,0,Arquivado
Homicídio,Graças,Estelionato Bancário,Explosivos,1,3,63,1,0,Arquivado
Furto,Casa Forte,Uso de Arma de Fogo,Faca,1,0,25,2,0,Arquivado
Ameaça,Tamarineira,Arrombamento,Nenhum,2,2,14,7,1,Concluído
Ameaça,Pina,Fraude Online,Faca,0,0,17,0,1,Concluído
Violência Doméstica,Casa Forte,Uso de Arma de Fogo,Faca,3,4,25,2,1,Concluído
Violência Doméstica,Tamarineira,Golpe Telefônico,Objeto Contundente,2,3,32,7,0,Arquivado
Latrocínio,Pina,Uso de Arma de Fogo,Arma de Fogo,2,3,21,0,1,Concluído
Estupro,Espinheiro,Crime Cibernético,Faca,0,2,55,3,0,Arquivado
Ameaça,Casa Forte,Fraude Online,Nenhum,3,3,18,2,0,Arquivado
Tráfico de Drogas,Tamarineira,Assalto a Mão Armada,Faca,2,2,49,7,1,Concluído
Sequestro,Imbiribeira,Emboscada,Faca,3,0,51,6,0,Arquivado
Furto,Santo Amaro,Golpe Telefônico,Explosivos,4,1,42,2,0,Arquivado
Homicídio,Tamarineira,Invasão Residencial,Arma de Fogo,1,4,48,7,0,Arquivado
Sequestro,Boa Viagem,Uso de Arma de Fogo,Objeto Contundente,2,4,15,8,1,Concluído
Roubo,Afogados,Uso de Arma de Fogo,Arma de Fogo,4,1,20,5,0,Arquivado
Homicídio,Afogados,Assalto a Mão Armada,Nenhum,0,4,36,5,1,Concluído
Furto,Torre,Crime Cibernético,Objeto Contundente,2,2,38,4,0,Arquivado
Latrocínio,Afogados,Invasão Residencial,Explosivos,4,3,55,5,0,Arquivado
Estupro,Casa Forte,Emboscada,Nenhum,2,4,36,2,0,Arquivado
Furto,Espinheiro,Fraude Online,Objeto Contundente,4,3,56,3,0,Arquivado
Violência Doméstica,Espinheiro,Uso de Arma de Fogo,Objeto Contundente,0,3,18,3,1,Concluído
Roubo,Casa Forte,Golpe Telefônico,Objeto Contundente,3,0,59,2,1,Concluído
Estupro,Santo Amaro,Arrombamento,Objeto Contundente,3,3,15,2,0,Arquivado
Latrocínio,Espinheiro,Estupro Coletivo,Objeto Contundente,3,1,42,3,0,Arquivado
Homicídio,Espinheiro,Fraude Online,Nenhum,3,2,69,3,1,Concluído
Latrocínio,Imbiribeira,Emboscada,Faca,4,4,45,6,1,Concluído
Latrocínio,Afogados,Estelionato Bancário,Objeto Contundente,4,2,52,5,0,Arquivado
Estelionato,Torre,Invasão Residencial,Faca,0,4,27,4,0,Arquivado
Sequestro,Afogados,Estelionato Bancário,Objeto Contundente,4,1,45,5,1,Concluído
Latrocínio,Afogados,Emboscada,Objeto Contundente,0,2,37,5,0,Arquivado
Roubo,Afogados,Estelionato Bancário,Explosivos,4,2,15,5,0,Arquivado
Latrocínio,Torre,Assalto a Mão Armada,Nenhum,2,4,45,4,0,Arquivado
Furto,Boa Viagem,Golpe Telefônico,Objeto Contundente,3,1,55,8,1,Concluído
Ameaça,Afogados,Estupro Coletivo,Faca,4,1,45,5,1,Concluído
Estupro,Santo Amaro,Arrombamento,Arma de Fogo,4,4,27,2,0,Arquivado
Ameaça,Tamarineira,Assalto a Mão Armada,Faca,2,1,65,7,0,Arquivado
Ameaça,Espinheiro,Fraude Online,Objeto Contundente,4,2,48,3,1,Concluído
Tráfico de Drogas,Graças,Fraude Online,Explosivos,1,0,58,1,0,Arquivado
Latrocínio,Graças,Fraude Online,Explosivos,3,4,46,1,0,Arquivado
Estupro,Casa Forte,Arrombamento,Objeto Contundente,0,3,38,2,1,Concluído
Violência Doméstica,Boa Viagem,Emboscada,Explosivos,0,2,43,8,1,Concluído
Violência Doméstica,Tamarineira,Assalto a Mão Armada,Objeto Contundente,4,3,15,7,0,Arquivado
Estupro,Torre,Emboscada,Explosivos,3,0,62,4,0,Arquivado
Homicídio,Boa Viagem,Estupro Coletivo,Arma de Fogo,4,3,27,8,1,Concluído
Roubo,Santo Amaro,Estupro Coletivo,Arma de Fogo,4,2,68,2,0,Arquivado
Ameaça,Afogados,Golpe Telefônico,Arma de Fogo,1,2,55,5,0,Arquivado
Ameaça,Afogados,Invasão Residencial,Objeto Contundente,4,3,31,5,0,Arquivado
Estelionato,Afogados,Emboscada,Arma de Fogo,4,2,28,5,0,Arquivado
Sequestro,Casa Forte,Estelionato Bancário,Nenhum,1,3,27,2,0,Arquivado
Tráfico de Drogas,Santo Amaro,Estelionato Bancário,Faca,1,1,56,2,0,Arquivado
Homicídio,Torre,Assalto a Mão Armada,Faca,3,2,40,4,1,Concluído
Latrocínio,Tamarineira,Arrombamento,Faca,1,3,51,7,0,Arquivado
Estupro,Boa Viagem,Assalto a Mão Armada,Explosivos,4,1,43,8,0,Arquivado
Tráfico de Drogas,Afogados,Invasão Residencial,Objeto Contundente,4,3,38,5,0,Arquivado
Estupro,Imbiribeira,Estelionato Bancário,Arma de Fogo,3,0,58,6,0,Arquivado
Latrocínio,Santo Amaro,Invasão Residencial,Nenhum,0,4,42,2,1,Concluído
Ameaça,Santo Amaro,Estelionato Bancário,Explosivos,1,3,16,2,1,Concluído
Sequestro,Graças,Golpe Telefônico,Explosivos,2,1,52,1,0,Arquivado
Latrocínio,Espinheiro,Crime Cibernético,Objeto Contundente,0,1,36,3,1,Concluído
Sequestro,Tamarineira,Fraude Online,Nenhum,3,3,43,7,0,Arquivado
Latrocínio,Santo Amaro,Uso de Arma de Fogo,Explosivos,3,3,47,2,0,Arquivado
Homicídio,Espinheiro,Crime Cibernético,Faca,4,0,33,3,1,Concluído
Homicídio,Pina,Uso de Arma de Fogo,Faca,4,3,23,0,0,Arquivado
Estelionato,Graças,Fraude Online,Nenhum,1,1,31,1,0,Arquivado
Ameaça,Tamarineira,Estelionato Bancário,Explosivos,0,4,23,7,0,Arquivado
Sequestro,Afogados,Emboscada,Faca,1,2,52,5,0,Arquivado
Tráfico de Drogas,Santo Amaro,Assalto a Mão Armada,Arma de Fogo,2,2,60,2,0,Arquivado
Tráfico de Drogas,Imbiribeira,Invasão Residencial,Nenhum,4,0,15,6,1,Concluído
Estelionato,Casa Forte,Fraude Online,Faca,0,4,34,2,0,Arquivado
Furto,Afogados,Arrombamento,Explosivos,3,1,52,5,0,Arquivado
Sequestro,Casa Forte,Assalto a Mão Armada,Faca,2,2,41,2,0,Arquivado
Latrocínio,Torre,Golpe Telefônico,Nenhum,2,4,50,4,0,Arquivado
Estupro,Torre,Arrombamento,Explosivos,1,3,44,4,0,Arquivado
Roubo,Torre,Estupro Coletivo,Faca,1,3,60,4,0,Arquivado
Latrocínio,Pina,Uso de Arma de Fogo,Nenhum,4,1,37,0,1,Concluído
Sequestro,Santo Amaro,Fraude Online,Arma de Fogo,0,4,22,2,0,Arquivado
Sequestro,Afogados,Estupro Coletivo,Explosivos,2,3,68,5,1,Concluído
Furto,Espinheiro,Assalto a Mão Armada,Objeto Contundente,4,3,67,3,1,Concluído
Violência Doméstica,Imbiribeira,Golpe Telefônico,Objeto Contundente,2,1,28,6,0,Arquivado
Estupro,Afogados,Estupro Coletivo,Nenhum,1,3,27,5,0,Arquivado
Violência Doméstica,Imbiribeira,Estelionato Bancário,Explosivos,3,1,43,6,1,Concluído
Roubo,Afogados,Estelionato Bancário,Explosivos,0,0,17,5,0,Arquivado
Ameaça,Imbiribeira,Golpe Telefônico,Explosivos,4,1,32,6,0,Arquivado
Roubo,Torre,Invasão Residencial,Objeto Contundente,4,2,27,4,1,Concluído
Latrocínio,Casa Forte,Arrombamento,Faca,1,1,29,2,1,Concluído
Furto,Espinheiro,Uso de Arma de Fogo,Nenhum,2,1,32,3,0,Arquivado
Furto,Graças,Uso de Arma de Fogo,Nenhum,0,4,64,1,0,Arquivado
Ameaça,Graças,Arrombamento,Faca,3,3,37,1,1,Concluído
Estupro,Graças,Assalto a Mão Armada,Explosivos,2,1,39,1,0,Arquivado
Sequestro,Boa Viagem,Emboscada,Nenhum,1,4,60,8,1,Concluído
Estelionato,Casa Forte,Assalto a Mão Armada,Explosivos,2,2,34,2,1,Concluído
Estelionato,Imbiribeira,Crime Cibernético,Explosivos,0,4,31,6,1,Concluído
Ameaça,Pina,Uso de Arma de Fogo,Objeto Contundente,3,2,27,0,0,Arquivado
Homicídio,Tamarineira,Estelionato Bancário,Objeto Contundente,3,1,19,7,0,Arquivado
Estupro,Casa Forte,Estelionato Bancário,Nenhum,0,2,42,2,1,Concluído
Ameaça,Espinheiro,Fraude Online,Nenhum,3,0,61,3,1,Concluído
Roubo,Tamarineira,Invasão Residencial,Faca,1,1,32,7,1,Concluído
Estupro,Afogados,Estelionato Bancário,Nenhum,4,3,19,5,0,Arquivado
Roubo,Torre,Estelionato Bancário,Objeto Contundente,2,3,20,4,0,Arquivado
Tráfico de Drogas,Torre,Crime Cibernético,Faca,4,4,24,4,0,Arquivado
Tráfico de Drogas,Boa Viagem,Estupro Coletivo,Explosivos,1,4,64,8,0,Arquivado
Ameaça,Imbiribeira,Invasão Residencial,Objeto Contundente,0,0,38,6,0,Arquivado
Furto,Tamarineira,Assalto a Mão Armada,Faca,3,0,53,7,1,Concluído
Sequestro,Imbiribeira,Emboscada,Objeto Contundente,4,3,55,6,1,Concluído
Sequestro,Espinheiro,Assalto a Mão Armada,Objeto Contundente,2,0,25,3,0,Arquivado
Estupro,Torre,Arrombamento,Arma de Fogo,3,2,25,4,1,Concluído
Violência Doméstica,Graças,Uso de Arma de Fogo,Explosivos,2,4,38,1,1,Concluído
Furto,Boa Viagem,Estupro Coletivo,Explosivos,4,2,67,8,0,Arquivado
Sequestro,Boa Viagem,Fraude Online,Nenhum,2,4,30,8,1,Concluído
Ameaça,Tamarineira,Emboscada,Explosivos,3,3,60,7,0,Arquivado
Violência Doméstica,Afogados,Uso de Arma de Fogo,Nenhum,3,2,30,5,1,Concluído
Homicídio,Tamarineira,Assalto a Mão Armada,Faca,3,4,37,7,1,Concluído
Ameaça,Imbiribeira,Estelionato Bancário,Nenhum,3,0,50,6,1,Concluído
Estelionato,Torre,Fraude Online,Objeto Contundente,1,2,48,4,1,Concluído
Tráfico de Drogas,Torre,Arrombamento,Arma de Fogo,2,0,44,4,0,Arquivado
Roubo,Imbiribeira,Emboscada,Nenhum,2,0,63,6,0,Arquivado
Estelionato,Casa Forte,Uso de Arma de Fogo,Explosivos,1,3,55,2,0,Arquivado
Homicídio,Afogados,Estelionato Bancário,Nenhum,1,4,45,5,1,Concluído
Ameaça,Casa Forte,Estupro Coletivo,Arma de Fogo,4,1,59,2,1,Concluído
Estupro,Casa Forte,Crime Cibernético,Nenhum,0,3,30,2,0,Arquivado
Homicídio,Casa Forte,Estelionato Bancário,Nenhum,1,2,18,2,0,Arquivado
Estupro,Casa Forte,Fraude Online,Explosivos,3,0,66,2,0,Arquivado
Furto,Boa Viagem,Assalto a Mão Armada,Faca,0,3,32,8,1,Concluído
Violência Doméstica,Boa Viagem,Emboscada,Faca,1,4,47,8,1,Concluído
Violência Doméstica,Santo Amaro,Arrombamento,Explosivos,4,1,46,2,0,Arquivado
Homicídio,Afogados,Assalto a Mão Armada,Arma de Fogo,1,3,69,5,0,Arquivado
Furto,Imbiribeira,Crime Cibernético,Arma de Fogo,4,1,29,6,0,Arquivado
Homicídio,Tamarineira,Invasão Residencial,Faca,0,3,65,7,0,Arquivado
Sequestro,Tamarineira,Fraude Online,Nenhum,1,2,54,7,0,Arquivado
Roubo,Pina,Arrombamento,Arma de Fogo,0,4,67,0,1,Concluído
Tráfico de Drogas,Tamarineira,Estupro Coletivo,Explosivos,4,4,32,7,0,Arquivado
Roubo,Torre,Emboscada,Explosivos,3,0,16,4,0,Arquivado
Homicídio,Tamarineira,Estupro Coletivo,Objeto Contundente,0,0,15,7,0,Arquivado
Ameaça,Torre,Uso de Arma de Fogo,Faca,3,1,39,4,1,Concluído
Tráfico de Drogas,Boa Viagem,Invasão Residencial,Objeto Contundente,0,4,58,8,1,Concluído
Estupro,Espinheiro,Invasão Residencial,Objeto Contundente,3,3,41,3,0,Arquivado
Violência Doméstica,Santo Amaro,Assalto a Mão Armada,Nenhum,0,1,27,2,0,Arquivado
Estelionato,Boa Viagem,Fraude Online,Explosivos,0,0,33,8,1,Concluído
Estelionato,Pina,Golpe Telefônico,Objeto Contundente,3,4,54,0,0,Arquivado
Roubo,Tamarineira,Golpe Telefônico,Explosivos,1,1,48,7,1,Concluído
Tráfico de Drogas,Graças,Crime Cibernético,Nenhum,3,4,46,1,0,Arquivado
Roubo,Imbiribeira,Estelionato Bancário,Explosivos,2,4,29,6,1,Concluído
Roubo,Boa Viagem,Invasão Residencial,Arma de Fogo,1,0,17,8,0,Arquivado
Furto,Afogados,Golpe Telefônico,Explosivos,1,4,41,5,1,Concluído
Furto,Torre,Estupro Coletivo,Faca,1,1,31,4,1,Concluído
Tráfico de Drogas,Torre,Uso de Arma de Fogo,Faca,2,0,63,4,0,Arquivado
Ameaça,Imbiribeira,Assalto a Mão Armada,Explosivos,0,2,56,6,1,Concluído
Tráfico de Drogas,Torre,Uso de Arma de Fogo,Nenhum,0,2,24,4,0,Arquivado
Homicídio,Pina,Estelionato Bancário,Objeto Contundente,3,0,27,0,1,Concluído
Sequestro,Imbiribeira,Invasão Residencial,Explosivos,2,3,48,6,0,Arquivado
Estupro,Tamarineira,Assalto a Mão Armada,Faca,4,3,48,7,1,Concluído
Estupro,Torre,Arrombamento,Explosivos,4,4,47,4,1,Concluído
Tráfico de Drogas,Espinheiro,Uso de Arma de Fogo,Faca,1,4,53,3,1,Concluído
Latrocínio,Afogados,Estupro Coletivo,Arma de Fogo,2,1,37,5,1,Concluído
Tráfico de Drogas,Afogados,Invasão Residencial,Arma de Fogo,0,0,28,5,1,Concluído
Sequestro,Imbiribeira,Assalto a Mão Armada,Faca,4,2,54,6,0,Arquivado
Estupro,Pina,Estupro Coletivo,Arma de Fogo,3,3,27,0,0,Arquivado
Tráfico de Drogas,Santo Amaro,Assalto a Mão Armada,Objeto Contundente,3,4,14,2,1,Concluído
Tráfico de Drogas,Santo Amaro,Fraude Online,Objeto Contundente,2,0,14,2,1,Concluído
Sequestro,Tamarineira,Assalto a Mão Armada,Objeto Contundente,1,4,18,7,0,Arquivado
Violência Doméstica,Torre,Estelionato Bancário,Arma de Fogo,2,4,33,4,0,Arquivado
Estupro,Pina,Fraude Online,Arma de Fogo,0,0,25,0,0,Arquivado
Estupro,Graças,Assalto a Mão Armada,Arma de Fogo,2,1,24,1,1,Concluído
Homicídio,Boa Viagem,Uso de Arma de Fogo,Faca,4,3,64,8,0,Arquivado
Estelionato,Pina,Estelionato Bancário,Arma de Fogo,2,1,24,0,1,Concluído
Ameaça,Torre,Invasão Residencial,Explosivos,1,0,30,4,1,Concluído
Ameaça,Graças,Assalto a Mão Armada,Arma de Fogo,3,0,28,1,1,Concluído
Roubo,Tamarineira,Estupro Coletivo,Arma de Fogo,1,2,18,7,1,Concluído
Furto,Boa Viagem,Emboscada,Objeto Contundente,2,0,25,8,0,Arquivado
Ameaça,Tamarineira,Invasão Residencial,Faca,0,4,30,7,1,Concluído
Violência Doméstica,Torre,Invasão Residencial,Explosivos,1,1,29,4,1,Concluído
Estelionato,Espinheiro,Arrombamento,Objeto Contundente,3,3,62,3,1,Concluído
Furto,Pina,Invasão Residencial,Faca,1,3,15,0,1,Concluído
Sequestro,Pina,Fraude Online,Arma de Fogo,2,1,48,0,1,Concluído
Latrocínio,Torre,Golpe Telefônico,Objeto Contundente,1,4,59,4,1,Concluído
Estupro,Tamarineira,Invasão Residencial,Explosivos,2,3,19,7,0,Arquivado
Violência Doméstica,Pina,Estupro Coletivo,Faca,3,4,55,0,1,Concluído
Estelionato,Espinheiro,Estupro Coletivo,Nenhum,3,3,46,3,1,Concluído
Ameaça,Graças,Crime Cibernético,Arma de Fogo,1,2,57,1,0,Arquivado
Roubo,Espinheiro,Assalto a Mão Armada,Nenhum,0,2,30,3,0,Arquivado
Homicídio,Afogados,Fraude Online,Objeto Contundente,1,1,58,5,1,Concluído
Estelionato,Casa Forte,Arrombamento,Explosivos,0,2,21,2,1,Concluído
Roubo,Casa Forte,Uso de Arma de Fogo,Explosivos,0,3,50,2,1,Concluído
Roubo,Graças,Assalto a Mão Armada,Nenhum,4,0,17,1,1,Concluído
Violência Doméstica,Pina,Golpe Telefônico,Faca,2,4,66,0,0,Arquivado
Ameaça,Santo Amaro,Estelionato Bancário,Objeto Contundente,0,4,36,2,1,Concluído
Estelionato,Santo Amaro,Assalto a Mão Armada,Nenhum,3,1,35,2,1,Concluído
Furto,Torre,Uso de Arma de Fogo,Objeto Contundente,4,0,55,4,0,Arquivado
Latrocínio,Casa Forte,Invasão Residencial,Nenhum,4,1,27,2,0,Arquivado
Latrocínio,Graças,Uso de Arma de Fogo,Nenhum,2,1,24,1,1,Concluído
Estelionato,Tamarineira,Crime Cibernético,Objeto Contundente,1,0,54,7,1,Concluído
Homicídio,Graças,Golpe Telefônico,Explosivos,0,0,62,1,0,Arquivado
Roubo,Casa Forte,Golpe Telefônico,Objeto Contundente,2,4,61,2,0,Arquivado
Violência Doméstica,Boa Viagem,Assalto a Mão Armada,Arma de Fogo,4,1,20,8,1,Concluído
Homicídio,Espinheiro,Estelionato Bancário,Explosivos,4,2,46,3,1,Concluído
Roubo,Espinheiro,Uso de Arma de Fogo,Objeto Contundente,0,3,53,3,0,Arquivado
Ameaça,Casa Forte,Estelionato Bancário,Objeto Contundente,2,0,46,2,1,Concluído
Homicídio,Afogados,Estupro Coletivo,Explosivos,2,3,31,5,1,Concluído
Sequestro,Pina,Crime Cibernético,Arma de Fogo,1,1,67,0,0,Arquivado
Furto,Tamarineira,Fraude Online,Arma de Fogo,2,0,46,7,1,Concluído
Ameaça,Pina,Uso de Arma de Fogo,Objeto Contundente,3,3,26,0,0,Arquivado
Roubo,Afogados,Estelionato Bancário,Explosivos,4,1,32,5,1,Concluído
Roubo,Graças,Invasão Residencial,Nenhum,4,1,61,1,0,Arquivado
Latrocínio,Pina,Estelionato Bancário,Explosivos,2,0,53,0,0,Arquivado
Tráfico de Drogas,Casa Forte,Emboscada,Faca,3,4,23,2,1,Concluído
Homicídio,Pina,Uso de Arma de Fogo,Arma de Fogo,4,4,58,0,1,Concluído
Roubo,Graças,Fraude Online,Explosivos,1,1,27,1,1,Concluído
Latrocínio,Graças,Assalto a Mão Armada,Arma de Fogo,0,0,55,1,0,Arquivado
Estupro,Casa Forte,Golpe Telefônico,Arma de Fogo,1,1,33,2,1,Concluído
Ameaça,Imbiribeira,Arrombamento,Objeto Contundente,3,0,26,6,1,Concluído
Ameaça,Boa Viagem,Estupro Coletivo,Arma de Fogo,3,2,39,8,0,Arquivado
Latrocínio,Pina,Fraude Online,Faca,4,4,33,0,0,Arquivado
Roubo,Santo Amaro,Assalto a Mão Armada,Explosivos,0,4,69,2,0,Arquivado
Homicídio,Casa Forte,Invasão Residencial,Faca,2,0,59,2,0,Arquivado
Estelionato,Torre,Assalto a Mão Armada,Nenhum,4,3,19,4,0,Arquivado
Furto,Afogados,Uso de Arma de Fogo,Objeto Contundente,2,0,31,5,1,Concluído
Homicídio,Imbiribeira,Fraude Online,Explosivos,2,1,68,6,0,Arquivado
Ameaça,Casa Forte,Crime Cibernético,Objeto Contundente,1,0,52,2,1,Concluído
Estelionato,Espinheiro,Invasão Residencial,Objeto Contundente,0,2,64,3,0,Arquivado
Violência Doméstica,Imbiribeira,Arrombamento,Faca,2,3,19,6,0,Arquivado
Roubo,Tamarineira,Assalto a Mão Armada,Faca,3,0,30,7,0,Arquivado
Roubo,Santo Amaro,Arrombamento,Explosivos,2,4,61,2,1,Concluído
Estelionato,Casa Forte,Uso de Arma de Fogo,Faca,4,3,26,2,0,Arquivado
Tráfico de Drogas,Boa Viagem,Estelionato Bancário,Objeto Contundente,4,0,57,8,0,Arquivado
Latrocínio,Graças,Arrombamento,Arma de Fogo,2,3,56,1,1,Concluído
Tráfico de Drogas,Tamarineira,Invasão Residencial,Faca,1,3,54,7,1,Concluído
Violência Doméstica,Tamarineira,Invasão Residencial,Explosivos,1,3,20,7,1,Concluído
Furto,Casa Forte,Uso de Arma de Fogo,Objeto Contundente,2,1,30,2,1,Concluído
Roubo,Santo Amaro,Emboscada,Objeto Contundente,3,2,38,2,1,Concluído
Roubo,Casa Forte,Uso de Arma de Fogo,Nenhum,0,4,69,2,0,Arquivado
Tráfico de Drogas,Torre,Estelionato Bancário,Nenhum,1,0,62,4,0,Arquivado
Violência Doméstica,Santo Amaro,Arrombamento,Explosivos,3,2,58,2,0,Arquivado
Roubo,Torre,Estelionato Bancário,Objeto Contundente,0,1,42,4,1,Concluído
Homicídio,Torre,Uso de Arma de Fogo,Nenhum,4,4,29,4,0,Arquivado
Ameaça,Casa Forte,Fraude Online,Objeto Contundente,4,4,49,2,1,Concluído
Estelionato,Espinheiro,Fraude Online,Arma de Fogo,4,4,20,3,0,Arquivado
Latrocínio,Casa Forte,Golpe Telefônico,Arma de Fogo,3,0,25,2,1,Concluído
Ameaça,Boa Viagem,Assalto a Mão Armada,Explosivos,3,1,49,8,1,Concluído
Roubo,Afogados,Crime Cibernético,Arma de Fogo,1,1,26,5,1,Concluído
Estupro,Graças,Golpe Telefônico,Nenhum,2,3,42,1,0,Arquivado
Estelionato,Graças,Crime Cibernético,Arma de Fogo,2,0,27,1,1,Concluído
Latrocínio,Graças,Arrombamento,Faca,3,4,56,1,1,Concluído
Homicídio,Torre,Emboscada,Objeto Contundente,1,0,22,4,0,Arquivado
Estupro,Imbiribeira,Arrombamento,Explosivos,2,3,19,6,1,Concluído
Furto,Boa Viagem,Emboscada,Objeto Contundente,3,0,38,8,0,Arquivado
Furto,Pina,Arrombamento,Nenhum,0,0,65,0,0,Arquivado
Sequestro,Santo Amaro,Estupro Coletivo,Explosivos,4,3,43,2,0,Arquivado
Estupro,Torre,Uso de Arma de Fogo,Explosivos,1,0,55,4,1,Concluído
Violência Doméstica,Afogados,Assalto a Mão Armada,Nenhum,3,4,20,5,1,Concluído
Furto,Pina,Estelionato Bancário,Nenhum,4,3,24,0,1,Concluído
Roubo,Tamarineira,Estupro Coletivo,Explosivos,0,1,20,7,1,Concluído
Sequestro,Espinheiro,Invasão Residencial,Faca,3,2,32,3,1,Concluído
Furto,Espinheiro,Uso de Arma de Fogo,Arma de Fogo,0,3,27,3,0,Arquivado
Tráfico de Drogas,Afogados,Crime Cibernético,Explosivos,0,3,68,5,0,Arquivado
Latrocínio,Santo Amaro,Crime Cibernético,Arma de Fogo,2,4,16,2,1,Concluído
Ameaça,Tamarineira,Estupro Coletivo,Arma de Fogo,1,1,54,7,1,Concluído
Estupro,Afogados,Fraude Online,Faca,2,0,56,5,0,Arquivado
Ameaça,Torre,Golpe Telefônico,Nenhum,2,2,53,4,1,Concluído
Latrocínio,Santo Amaro,Estupro Coletivo,Objeto Contundente,1,3,38,2,0,Arquivado
Homicídio,Tamarineira,Arrombamento,Arma de Fogo,4,2,51,7,0,Arquivado
Latrocínio,Pina,Estelionato Bancário,Arma de Fogo,0,2,28,0,1,Concluído
Tráfico de Drogas,Afogados,Estelionato Bancário,Nenhum,0,1,32,5,1,Concluído
Estelionato,Santo Amaro,Assalto a Mão Armada,Arma de Fogo,0,3,68,2,1,Concluído
Furto,Tamarineira,Estupro Coletivo,Arma de Fogo,2,3,42,7,0,Arquivado
Violência Doméstica,Imbiribeira,Crime Cibernético,Faca,1,3,19,6,0,Arquivado
Ameaça,Afogados,Uso de Arma de Fogo,Objeto Contundente,0,3,51,5,0,Arquivado
Latrocínio,Imbiribeira,Uso de Arma de Fogo,Nenhum,0,1,47,6,1,Concluído
Estelionato,Boa Viagem,Emboscada,Objeto Contundente,0,0,24,8,0,Arquivado
Estupro,Santo Amaro,Estupro Coletivo,Objeto Contundente,3,3,31,2,1,Concluído
Violência Doméstica,Casa Forte,Arrombamento,Objeto Contundente,3,0,23,2,0,Arquivado
Furto,Santo Amaro,Estelionato Bancário,Objeto Contundente,2,2,29,2,0,Arquivado
Roubo,Afogados,Arrombamento,Arma de Fogo,2,4,55,5,0,Arquivado
Tráfico de Drogas,Boa Viagem,Crime Cibernético,Objeto Contundente,3,1,40,8,0,Arquivado
Sequestro,Espinheiro,Invasão Residencial,Explosivos,0,0,63,3,0,Arquivado
Estupro,Pina,Assalto a Mão Armada,Faca,0,3,18,0,1,Concluído
Furto,Imbiribeira,Invasão Residencial,Nenhum,2,2,35,6,1,Concluído
Ameaça,Tamarineira,Crime Cibernético,Objeto Contundente,2,1,53,7,0,Arquivado
Sequestro,Tamarineira,Estelionato Bancário,Nenhum,0,4,65,7,1,Concluído
Violência Doméstica,Pina,Estelionato Bancário,Nenhum,0,3,69,0,0,Arquivado
Tráfico de Drogas,Pina,Fraude Online,Explosivos,3,2,43,0,1,Concluído
Estelionato,Graças,Assalto a Mão Armada,Faca,3,1,54,1,0,Arquivado
Ameaça,Boa Viagem,Invasão Residencial,Arma de Fogo,1,3,68,8,1,Concluído
Tráfico de Drogas,Tamarineira,Arrombamento,Nenhum,4,2,69,7,1,Concluído
Ameaça,Boa Viagem,Assalto a Mão Armada,Faca,1,3,66,8,1,Concluído
Roubo,Tamarineira,Emboscada,Faca,3,0,47,7,0,Arquivado
Ameaça,Boa Viagem,Estelionato Bancário,Faca,1,3,25,8,1,Concluído
Latrocínio,Espinheiro,Uso de Arma de Fogo,Explosivos,0,1,43,3,0,Arquivado
Estelionato,Graças,Fraude Online,Objeto Contundente,0,0,21,1,1,Concluído
Tráfico de Drogas,Tamarineira,Estupro Coletivo,Arma de Fogo,1,3,49,7,0,Arquivado
Furto,Afogados,Arrombamento,Objeto Contundente,2,3,32,5,0,Arquivado
Sequestro,Graças,Emboscada,Nenhum,2,1,30,1,1,Concluído
Sequestro,Torre,Fraude Online,Objeto Contundente,2,2,67,4,0,Arquivado
Ameaça,Afogados,Uso de Arma de Fogo,Objeto Contundente,2,4,67,5,0,Arquivado
Roubo,Imbiribeira,Arrombamento,Arma de Fogo,0,1,40,6,0,Arquivado
Furto,Afogados,Golpe Telefônico,Objeto Contundente,0,4,61,5,0,Arquivado
Violência Doméstica,Casa Forte,Emboscada,Explosivos,2,4,59,2,1,Concluído
Roubo,Afogados,Emboscada,Explosivos,2,0,63,5,0,Arquivado
Tráfico de Drogas,Graças,Estelionato Bancário,Nenhum,1,0,28,1,0,Arquivado
Estelionato,Casa Forte,Invasão Residencial,Nenhum,2,1,54,2,1,Concluído
Ameaça,Santo Amaro,Fraude Online,Nenhum,0,3,59,2,1,Concluído
Homicídio,Graças,Assalto a Mão Armada,Nenhum,4,1,45,1,0,Arquivado
Estelionato,Espinheiro,Estelionato Bancário,Objeto Contundente,3,2,28,3,0,Arquivado
Roubo,Graças,Uso de Arma de Fogo,Faca,2,1,50,1,0,Arquivado
Latrocínio,Pina,Golpe Telefônico,Explosivos,4,2,55,0,1,Concluído
Roubo,Afogados,Arrombamento,Objeto Contundente,1,1,19,5,0,Arquivado
Estelionato,Pina,Estupro Coletivo,Arma de Fogo,0,4,19,0,0,Arquivado
Ameaça,Santo Amaro,Golpe Telefônico,Nenhum,2,0,34,2,1,Concluído
Estupro,Imbiribeira,Uso de Arma de Fogo,Objeto Contundente,1,4,56,6,0,Arquivado
Roubo,Boa Viagem,Emboscada,Faca,2,1,53,8,0,Arquivado
Homicídio,Santo Amaro,Crime Cibernético,Nenhum,4,1,22,2,1,Concluído
Furto,Boa Viagem,Uso de Arma de Fogo,Arma de Fogo,0,0,45,8,1,Concluído
Estelionato,Casa Forte,Arrombamento,Objeto Contundente,4,1,57,2,1,Concluído
Latrocínio,Tamarineira,Invasão Residencial,Nenhum,4,1,29,7,1,Concluído
Tráfico de Drogas,Graças,Arrombamento,Faca,1,3,36,1,0,Arquivado
Roubo,Tamarineira,Arrombamento,Explosivos,1,0,17,7,1,Concluído
Ameaça,Santo Amaro,Fraude Online,Explosivos,0,1,21,2,1,Concluído
Sequestro,Boa Viagem,Golpe Telefônico,Objeto Contundente,3,0,15,8,1,Concluído
Ameaça,Afogados,Fraude Online,Nenhum,3,4,50,5,1,Concluído
Sequestro,Pina,Emboscada,Arma de Fogo,2,4,47,0,0,Arquivado
Sequestro,Casa Forte,Estelionato Bancário,Nenhum,1,4,25,2,1,Concluído
Roubo,Casa Forte,Emboscada,Arma de Fogo,4,2,23,2,1,Concluído
Latrocínio,Afogados,Estelionato Bancário,Arma de Fogo,2,1,60,5,0,Arquivado
Tráfico de Drogas,Espinheiro,Golpe Telefônico,Explosivos,4,4,66,3,0,Arquivado
Homicídio,Pina,Invasão Residencial,Objeto Contundente,0,2,53,0,0,Arquivado
Homicídio,Pina,Fraude Online,Arma de Fogo,4,1,43,0,0,Arquivado
Estupro,Espinheiro,Estelionato Bancário,Arma de Fogo,1,0,56,3,0,Arquivado
Estelionato,Graças,Golpe Telefônico,Arma de Fogo,4,0,26,1,0,Arquivado
Furto,Boa Viagem,Estupro Coletivo,Objeto Contundente,0,3,66,8,1,Concluído
Estupro,Imbiribeira,Assalto a Mão Armada,Objeto Contundente,1,2,46,6,0,Arquivado
Latrocínio,Boa Viagem,Uso de Arma de Fogo,Nenhum,4,1,15,8,0,Arquivado
Sequestro,Afogados,Arrombamento,Objeto Contundente,3,4,24,5,1,Concluído
Estupro,Graças,Invasão Residencial,Explosivos,1,4,31,1,1,Concluído
Ameaça,Espinheiro,Emboscada,Explosivos,3,1,62,3,0,Arquivado
Latrocínio,Tamarineira,Estelionato Bancário,Arma de Fogo,1,0,20,7,0,Arquivado
Sequestro,Casa Forte,Estelionato Bancário,Objeto Contundente,1,1,43,2,1,Concluído
Furto,Afogados,Uso de Arma de Fogo,Objeto Contundente,1,3,39,5,0,Arquivado
Furto,Torre,Estupro Coletivo,Arma de Fogo,3,4,67,4,0,Arquivado
Estelionato,Imbiribeira,Golpe Telefônico,Nenhum,1,4,34,6,1,Concluído
Violência Doméstica,Espinheiro,Emboscada,Objeto Contundente,2,1,67,3,0,Arquivado
Furto,Torre,Estelionato Bancário,Arma de Fogo,0,2,44,4,0,Arquivado
Roubo,Boa Viagem,Arrombamento,Faca,3,1,55,8,0,Arquivado
Sequestro,Pina,Golpe Telefônico,Arma de Fogo,3,4,63,0,0,Arquivado
Ameaça,Espinheiro,Fraude Online,Nenhum,1,0,62,3,0,Arquivado
Tráfico de Drogas,Santo Amaro,Arrombamento,Arma de Fogo,3,4,17,2,1,Concluído
Violência Doméstica,Torre,Fraude Online,Explosivos,4,1,54,4,0,Arquivado
Homicídio,Imbiribeira,Estupro Coletivo,Objeto Contundente,1,3,67,6,1,Concluído
Furto,Torre,Arrombamento,Nenhum,3,2,15,4,1,Concluído
Homicídio,Boa Viagem,Crime Cibernético,Objeto Contundente,2,2,41,8,0,Arquivado
Homicídio,Tamarineira,Crime Cibernético,Objeto Contundente,3,2,59,7,0,Arquivado
Estupro,Santo Amaro,Emboscada,Explosivos,0,0,57,2,1,Concluído
Tráfico de Drogas,Tamarineira,Emboscada,Explosivos,0,2,62,7,1,Concluído
Estupro,Casa Forte,Golpe Telefônico,Faca,4,2,42,2,0,Arquivado
Ameaça,Pina,Fraude Online,Faca,0,3,23,0,0,Arquivado
Estelionato,Pina,Assalto a Mão Armada,Explosivos,4,0,56,0,0,Arquivado
Roubo,Imbiribeira,Emboscada,Objeto Contundente,4,3,32,6,1,Concluído
Homicídio,Santo Amaro,Fraude Online,Arma de Fogo,4,2,41,2,0,Arquivado
Latrocínio,Torre,Arrombamento,Faca,2,0,37,4,1,Concluído
Estelionato,Casa Forte,Estupro Coletivo,Faca,0,1,39,2,0,Arquivado
Furto,Graças,Estupro Coletivo,Nenhum,3,0,46,1,1,Concluído
Violência Doméstica,Afogados,Estelionato Bancário,Objeto Contundente,4,4,25,5,1,Concluído
Estupro,Afogados,Fraude Online,Explosivos,3,4,57,5,0,Arquivado
Latrocínio,Pina,Estelionato Bancário,Faca,0,3,16,0,0,Arquivado
Violência Doméstica,Espinheiro,Uso de Arma de Fogo,Nenhum,3,2,38,3,1,Concluído
Sequestro,Santo Amaro,Uso de Arma de Fogo,Objeto Contundente,1,2,36,2,1,Concluído
Estelionato,Tamarineira,Estelionato Bancário,Nenhum,3,2,29,7,0,Arquivado
Furto,Santo Amaro,Golpe Telefônico,Explosivos,1,0,61,2,0,Arquivado
Tráfico de Drogas,Santo Amaro,Uso de Arma de Fogo,Nenhum,1,2,30,2,0,Arquivado
Furto,Boa Viagem,Uso de Arma de Fogo,Arma de Fogo,4,2,53,8,0,Arquivado
Estelionato,Torre,Estupro Coletivo,Faca,2,2,45,4,0,Arquivado
Estelionato,Afogados,Golpe Telefônico,Faca,1,4,36,5,0,Arquivado
Furto,Espinheiro,Arrombamento,Nenhum,3,0,56,3,1,Concluído
Estupro,Imbiribeira,Estupro Coletivo,Faca,0,3,58,6,0,Arquivado
Violência Doméstica,Tamarineira,Estelionato Bancário,Explosivos,0,4,67,7,0,Arquivado
Furto,Torre,Estupro Coletivo,Faca,4,0,68,4,1,Concluído
Violência Doméstica,Graças,Golpe Telefônico,Nenhum,4,4,61,1,0,Arquivado
Homicídio,Torre,Fraude Online,Objeto Contundente,2,4,29,4,0,Arquivado
Latrocínio,Pina,Uso de Arma de Fogo,Explosivos,1,3,40,0,1,Concluído
Estupro,Pina,Fraude Online,Nenhum,2,1,44,0,0,Arquivado
Tráfico de Drogas,Afogados,Arrombamento,Faca,3,2,14,5,0,Arquivado
Estupro,Imbiribeira,Uso de Arma de Fogo,Objeto Contundente,3,1,54,6,0,Arquivado
Tráfico de Drogas,Casa Forte,Crime Cibernético,Explosivos,2,0,42,2,0,Arquivado
Estelionato,Imbiribeira,Uso de Arma de Fogo,Faca,0,0,60,6,0,Arquivado
Tráfico de Drogas,Espinheiro,Arrombamento,Nenhum,3,2,23,3,1,Concluído
Estelionato,Boa Viagem,Estelionato Bancário,Objeto Contundente,2,1,39,8,0,Arquivado
Tráfico de Drogas,Casa Forte,Crime Cibernético,Nenhum,1,3,31,2,1,Concluído
Tráfico de Drogas,Santo Amaro,Uso de Arma de Fogo,Arma de Fogo,3,3,33,2,0,Arquivado
Sequestro,Imbiribeira,Invasão Residencial,Nenhum,3,0,54,6,0,Arquivado
Estelionato,Afogados,Arrombamento,Objeto Contundente,2,4,50,5,0,Arquivado
Tráfico de Drogas,Graças,Estupro Coletivo,Faca,3,1,44,1,0,Arquivado
Latrocínio,Graças,Arrombamento,Faca,4,0,60,1,1,Concluído
Roubo,Santo Amaro,Crime Cibernético,Arma de Fogo,1,2,69,2,1,Concluído
Ameaça,Torre,Arrombamento,Explosivos,0,0,49,4,0,Arquivado
Violência Doméstica,Santo Amaro,Fraude Online,Explosivos,0,4,35,2,1,Concluído
Homicídio,Imbiribeira,Estelionato Bancário,Arma de Fogo,4,2,33,6,1,Concluído
Tráfico de Drogas,Santo Amaro,Golpe Telefônico,Explosivos,2,1,26,2,0,Arquivado
Furto,Espinheiro,Arrombamento,Arma de Fogo,4,0,31,3,1,Concluído
Estupro,Tamarineira,Assalto a Mão Armada,Faca,4,1,64,7,0,Arquivado
Latrocínio,Imbiribeira,Arrombamento,Nenhum,3,3,59,6,0,Arquivado
Homicídio,Afogados,Estupro Coletivo,Objeto Contundente,3,0,57,5,0,Arquivado
Latrocínio,Casa Forte,Fraude Online,Explosivos,4,1,59,2,0,Arquivado
Roubo,Santo Amaro,Estelionato Bancário,Explosivos,1,4,32,2,0,Arquivado
Latrocínio,Torre,Assalto a Mão Armada,Arma de Fogo,0,3,53,4,1,Concluído
Sequestro,Espinheiro,Estupro Coletivo,Nenhum,0,0,34,3,1,Concluído
Estupro,Boa Viagem,Arrombamento,Faca,1,3,20,8,0,Arquivado
Tráfico de Drogas,Santo Amaro,Invasão Residencial,Nenhum,4,2,37,2,0,Arquivado
Violência Doméstica,Boa Viagem,Assalto a Mão Armada,Arma de Fogo,3,2,34,8,0,Arquivado
Homicídio,Casa Forte,Assalto a Mão Armada,Explosivos,1,2,34,2,1,Concluído
Furto,Espinheiro,Fraude Online,Faca,2,2,40,3,0,Arquivado
Furto,Tamarineira,Golpe Telefônico,Faca,1,3,67,7,0,Arquivado
Roubo,Tamarineira,Fraude Online,Explosivos,4,4,37,7,1,Concluído
Estupro,Pina,Emboscada,Faca,2,2,30,0,1,Concluído
Furto,Santo Amaro,Fraude Online,Objeto Contundente,1,1,53,2,1,Concluído
Roubo,Tamarineira,Emboscada,Arma de Fogo,2,0,37,7,0,Arquivado
Estupro,Casa Forte,Fraude Online,Objeto Contundente,1,4,26,2,1,Concluído
Violência Doméstica,Imbiribeira,Uso de Arma de Fogo,Objeto Contundente,3,3,22,6,1,Concluído
Tráfico de Drogas,Afogados,Fraude Online,Explosivos,3,0,47,5,1,Concluído
Sequestro,Espinheiro,Estupro Coletivo,Objeto Contundente,3,4,14,3,1,Concluído
Violência Doméstica,Torre,Arrombamento,Explosivos,3,4,34,4,1,Concluído
Sequestro,Imbiribeira,Arrombamento,Explosivos,1,2,55,6,0,Arquivado
Estelionato,Casa Forte,Estelionato Bancário,Faca,3,1,35,2,0,Arquivado
Furto,Torre,Estupro Coletivo,Arma de Fogo,3,0,31,4,0,Arquivado
Violência Doméstica,Graças,Assalto a Mão Armada,Explosivos,0,3,41,1,0,Arquivado
Furto,Boa Viagem,Crime Cibernético,Faca,0,1,20,8,0,Arquivado
Latrocínio,Pina,Fraude Online,Faca,1,0,45,0,1,Concluído
Sequestro,Graças,Fraude Online,Explosivos,1,4,61,1,1,Concluído
Latrocínio,Afogados,Crime Cibernético,Explosivos,1,2,51,5,1,Concluído
Roubo,Espinheiro,Uso de Arma de Fogo,Nenhum,2,0,63,3,1,Concluído
Latrocínio,Casa Forte,Uso de Arma de Fogo,Faca,1,0,40,2,1,Concluído
Estelionato,Afogados,Emboscada,Explosivos,4,0,49,5,0,Arquivado
Latrocínio,Casa Forte,Crime Cibernético,Faca,4,1,30,2,0,Arquivado
Furto,Imbiribeira,Arrombamento,Explosivos,1,0,16,6,1,Concluído
Furto,Pina,Uso de Arma de Fogo,Nenhum,3,0,40,0,1,Concluído
Furto,Casa Forte,Estupro Coletivo,Faca,0,3,26,2,1,Concluído
Sequestro,Casa Forte,Fraude Online,Faca,1,4,55,2,1,Concluído
Ameaça,Tamarineira,Fraude Online,Nenhum,4,4,33,7,1,Concluído
Tráfico de Drogas,Boa Viagem,Assalto a Mão Armada,Explosivos,1,4,69,8,1,Concluído
Estupro,Santo Amaro,Crime Cibernético,Nenhum,1,0,30,2,1,Concluído
Estupro,Tamarineira,Golpe Telefônico,Faca,1,3,21,7,1,Concluído
Tráfico de Drogas,Santo Amaro,Golpe Telefônico,Objeto Contundente,4,1,37,2,0,Arquivado
Latrocínio,Santo Amaro,Fraude Online,Faca,3,2,51,2,1,Concluído
Latrocínio,Torre,Assalto a Mão Armada,Nenhum,0,2,29,4,0,Arquivado
Tráfico de Drogas,Boa Viagem,Arrombamento,Faca,1,2,42,8,0,Arquivado
Estelionato,Espinheiro,Estupro Coletivo,Faca,3,0,16,3,1,Concluído
Estupro,Torre,Uso de Arma de Fogo,Objeto Contundente,2,0,41,4,0,Arquivado
Tráfico de Drogas,Torre,Golpe Telefônico,Faca,3,1,52,4,1,Concluído
Roubo,Espinheiro,Crime Cibernético,Faca,1,1,68,3,0,Arquivado
Tráfico de Drogas,Casa Forte,Golpe Telefônico,Nenhum,3,1,38,2,0,Arquivado
Estupro,Graças,Estupro Coletivo,Arma de Fogo,1,3,16,1,0,Arquivado
Homicídio,Pina,Uso de Arma de Fogo,Arma de Fogo,1,1,66,0,0,Arquivado
Latrocínio,Tamarineira,Uso de Arma de Fogo,Faca,3,2,23,7,1,Concluído
Violência Doméstica,Tamarineira,Emboscada,Explosivos,2,3,20,7,1,Concluído
Homicídio,Tamarineira,Uso de Arma de Fogo,Objeto Contundente,0,3,22,7,1,Concluído
Homicídio,Tamarineira,Estupro Coletivo,Objeto Contundente,2,1,44,7,0,Arquivado
Sequestro,Boa Viagem,Assalto a Mão Armada,Faca,2,0,25,8,1,Concluído
Estelionato,Santo Amaro,Invasão Residencial,Objeto Contundente,0,3,63,2,1,Concluído
Estelionato,Tamarineira,Estupro Coletivo,Explosivos,3,1,38,7,0,Arquivado
Roubo,Tamarineira,Estupro Coletivo,Faca,2,1,28,7,1,Concluído
Tráfico de Drogas,Torre,Invasão Residencial,Arma de Fogo,0,1,50,4,0,Arquivado
Furto,Pina,Emboscada,Objeto Contundente,1,1,27,0,1,Concluído
Furto,Casa Forte,Estupro Coletivo,Faca,0,1,47,2,0,Arquivado
Violência Doméstica,Santo Amaro,Estupro Coletivo,Explosivos,4,1,46,2,0,Arquivado
Ameaça,Torre,Emboscada,Faca,2,3,39,4,1,Concluído
Sequestro,Graças,Arrombamento,Explosivos,2,0,66,1,0,Arquivado
Tráfico de Drogas,Tamarineira,Estupro Coletivo,Objeto Contundente,1,4,31,7,1,Concluído
Estupro,Boa Viagem,Golpe Telefônico,Explosivos,4,3,42,8,1,Concluído
Furto,Pina,Uso de Arma de Fogo,Objeto Contundente,3,2,53,0,1,Concluído
Latrocínio,Afogados,Estupro Coletivo,Arma de Fogo,4,0,63,5,0,Arquivado
Latrocínio,Imbiribeira,Golpe Telefônico,Arma de Fogo,4,2,54,6,0,Arquivado
Tráfico de Drogas,Torre,Crime Cibernético,Objeto Contundente,0,0,50,4,1,Concluído
Ameaça,Boa Viagem,Estupro Coletivo,Explosivos,1,4,62,8,1,Concluído
Tráfico de Drogas,Pina,Uso de Arma de Fogo,Explosivos,0,1,66,0,1,Concluído
Roubo,Casa Forte,Uso de Arma de Fogo,Explosivos,4,3,14,2,1,Concluído
Estelionato,Casa Forte,Golpe Telefônico,Faca,4,1,42,2,0,Arquivado
Latrocínio,Casa Forte,Crime Cibernético,Objeto Contundente,3,4,67,2,1,Concluído
Sequestro,Santo Amaro,Invasão Residencial,Nenhum,0,0,47,2,1,Concluído
Ameaça,Afogados,Arrombamento,Faca,0,4,36,5,0,Arquivado
Homicídio,Imbiribeira,Assalto a Mão Armada,Nenhum,4,2,55,6,1,Concluído
Ameaça,Espinheiro,Crime Cibernético,Arma de Fogo,4,0,14,3,0,Arquivado
Roubo,Casa Forte,Fraude Online,Nenhum,4,1,63,2,1,Concluído
Tráfico de Drogas,Torre,Fraude Online,Explosivos,2,0,15,4,0,Arquivado
Ameaça,Casa Forte,Uso de Arma de Fogo,Explosivos,1,2,40,2,1,Concluído
Furto,Pina,Fraude Online,Faca,1,1,21,0,1,Concluído
Roubo,Graças,Invasão Residencial,Faca,2,0,69,1,0,Arquivado
Violência Doméstica,Tamarineira,Crime Cibernético,Objeto Contundente,1,4,36,7,0,Arquivado
Furto,Torre,Arrombamento,Explosivos,3,4,56,4,1,Concluído
Homicídio,Imbiribeira,Assalto a Mão Armada,Faca,1,3,63,6,1,Concluído
Roubo,Torre,Fraude Online,Arma de Fogo,2,2,59,4,0,Arquivado
Sequestro,Afogados,Emboscada,Explosivos,1,4,38,5,1,Concluído
Tráfico de Drogas,Espinheiro,Fraude Online,Explosivos,3,1,69,3,0,Arquivado
Latrocínio,Imbiribeira,Invasão Residencial,Explosivos,2,4,23,6,0,Arquivado
Furto,Boa Viagem,Estupro Coletivo,Arma de Fogo,1,4,49,8,1,Concluído
Tráfico de Drogas,Boa Viagem,Emboscada,Nenhum,0,2,57,8,0,Arquivado
Latrocínio,Boa Viagem,Invasão Residencial,Faca,4,2,63,8,1,Concluído
Roubo,Afogados,Arrombamento,Faca,0,0,43,5,0,Arquivado
Ameaça,Boa Viagem,Uso de Arma de Fogo,Explosivos,4,3,44,8,0,Arquivado
Latrocínio,Graças,Invasão Residencial,Arma de Fogo,4,3,24,1,1,Concluído
Homicídio,Afogados,Golpe Telefônico,Objeto Contundente,3,2,37,5,0,Arquivado
Latrocínio,Imbiribeira,Estelionato Bancário,Explosivos,2,1,15,6,0,Arquivado
Furto,Tamarineira,Estelionato Bancário,Arma de Fogo,4,1,54,7,0,Arquivado
Tráfico de Drogas,Afogados,Fraude Online,Arma de Fogo,4,0,33,5,0,Arquivado
Furto,Graças,Invasão Residencial,Nenhum,1,3,14,1,1,Concluído
Latrocínio,Torre,Fraude Online,Nenhum,3,4,27,4,1,Concluído
Tráfico de Drogas,Santo Amaro,Fraude Online,Objeto Contundente,2,3,44,2,0,Arquivado
Furto,Espinheiro,Estupro Coletivo,Arma de Fogo,2,3,56,3,1,Concluído
Roubo,Santo Amaro,Assalto a Mão Armada,Explosivos,1,4,29,2,1,Concluído
Sequestro,Casa Forte,Estupro Coletivo,Objeto Contundente,3,0,65,2,0,Arquivado
Estelionato,Boa Viagem,Golpe Telefônico,Explosivos,0,2,17,8,0,Arquivado
Tráfico de Drogas,Boa Viagem,Golpe Telefônico,Nenhum,1,0,36,8,1,Concluído
Tráfico de Drogas,Espinheiro,Invasão Residencial,Faca,2,0,38,3,1,Concluído
Roubo,Afogados,Crime Cibernético,Nenhum,1,4,67,5,1,Concluído
Sequestro,Espinheiro,Fraude Online,Explosivos,3,2,17,3,0,Arquivado
Furto,Boa Viagem,Golpe Telefônico,Arma de Fogo,4,0,40,8,1,Concluído
Sequestro,Espinheiro,Crime Cibernético,Nenhum,0,1,32,3,0,Arquivado
Homicídio,Pina,Estelionato Bancário,Explosivos,0,1,60,0,1,Concluído
Estupro,Afogados,Emboscada,Nenhum,3,2,31,5,0,Arquivado
Homicídio,Graças,Estelionato Bancário,Objeto Contundente,1,0,44,1,1,Concluído
Roubo,Imbiribeira,Estelionato Bancário,Objeto Contundente,3,4,27,6,0,Arquivado
Sequestro,Tamarineira,Emboscada,Objeto Contundente,4,0,19,7,0,Arquivado
Sequestro,Santo Amaro,Uso de Arma de Fogo,Faca,0,1,66,2,1,Concluído
Tráfico de Drogas,Graças,Emboscada,Arma de Fogo,2,3,48,1,1,Concluído
Tráfico de Drogas,Casa Forte,Crime Cibernético,Arma de Fogo,4,0,50,2,0,Arquivado
Furto,Imbiribeira,Golpe Telefônico,Arma de Fogo,1,3,39,6,0,Arquivado
Estupro,Pina,Invasão Residencial,Arma de Fogo,1,1,69,0,1,Concluído
Violência Doméstica,Casa Forte,Assalto a Mão Armada,Arma de Fogo,3,3,64,2,0,Arquivado
Estupro,Espinheiro,Assalto a Mão Armada,Nenhum,3,3,31,3,0,Arquivado
Sequestro,Torre,Fraude Online,Nenhum,4,4,34,4,0,Arquivado
Estelionato,Tamarineira,Arrombamento,Faca,2,4,15,7,1,Concluído
Latrocínio,Santo Amaro,Assalto a Mão Armada,Faca,0,2,19,2,0,Arquivado
Ameaça,Casa Forte,Invasão Residencial,Objeto Contundente,1,0,37,2,0,Arquivado
Latrocínio,Espinheiro,Crime Cibernético,Nenhum,1,1,36,3,1,Concluído
Tráfico de Drogas,Afogados,Fraude Online,Nenhum,4,4,55,5,0,Arquivado
Violência Doméstica,Casa Forte,Crime Cibernético,Nenhum,4,1,67,2,0,Arquivado
Ameaça,Tamarineira,Crime Cibernético,Nenhum,0,1,58,7,1,Concluído
Tráfico de Drogas,Santo Amaro,Arrombamento,Faca,4,2,68,2,0,Arquivado
Estelionato,Torre,Estupro Coletivo,Nenhum,2,0,31,4,1,Concluído
Estelionato,Pina,Emboscada,Objeto Contundente,2,0,62,0,0,Arquivado
Homicídio,Espinheiro,Estelionato Bancário,Faca,2,0,61,3,1,Concluído
Tráfico de Drogas,Boa Viagem,Estelionato Bancário,Objeto Contundente,3,2,23,8,1,Concluído
Sequestro,Afogados,Uso de Arma de Fogo,Explosivos,4,4,44,5,0,Arquivado
Violência Doméstica,Torre,Emboscada,Nenhum,0,3,24,4,1,Concluído
Furto,Espinheiro,Arrombamento,Nenhum,4,3,58,3,1,Concluído
Ameaça,Imbiribeira,Uso de Arma de Fogo,Objeto Contundente,4,4,24,6,1,Concluído
Sequestro,Espinheiro,Assalto a Mão Armada,Faca,1,4,53,3,1,Concluído
Roubo,Espinheiro,Estelionato Bancário,Explosivos,0,4,61,3,1,Concluído
Tráfico de Drogas,Imbiribeira,Estupro Coletivo,Nenhum,1,2,33,6,1,Concluído
Estupro,Tamarineira,Arrombamento,Arma de Fogo,4,3,61,7,1,Concluído
Estupro,Afogados,Arrombamento,Faca,0,3,62,5,0,Arquivado
Sequestro,Tamarineira,Golpe Telefônico,Arma de Fogo,2,1,51,7,0,Arquivado
Ameaça,Graças,Assalto a Mão Armada,Arma de Fogo,0,2,68,1,0,Arquivado
Sequestro,Imbiribeira,Uso de Arma de Fogo,Nenhum,2,0,17,6,1,Concluído
Estelionato,Pina,Fraude Online,Nenhum,4,4,23,0,1,Concluído
Roubo,Torre,Uso de Arma de Fogo,Explosivos,2,0,21,4,0,Arquivado
Latrocínio,Pina,Uso de Arma de Fogo,Faca,0,4,64,0,1,Concluído
Roubo,Tamarineira,Estelionato Bancário,Nenhum,2,2,20,7,1,Concluído
Violência Doméstica,Imbiribeira,Estelionato Bancário,Nenhum,0,4,56,6,0,Arquivado
Tráfico de Drogas,Espinheiro,Emboscada,Objeto Contundente,3,2,60,3,1,Concluído
Sequestro,Espinheiro,Estelionato Bancário,Arma de Fogo,4,4,36,3,0,Arquivado
Tráfico de Drogas,Espinheiro,Arrombamento,Objeto Contundente,2,0,51,3,1,Concluído
Homicídio,Tamarineira,Assalto a Mão Armada,Objeto Contundente,4,0,44,7,1,Concluído
Ameaça,Afogados,Golpe Telefônico,Explosivos,2,3,56,5,1,Concluído
Violência Doméstica,Graças,Assalto a Mão Armada,Arma de Fogo,2,4,68,1,1,Concluído
Furto,Casa Forte,Invasão Residencial,Explosivos,0,2,51,2,1,Concluído
Latrocínio,Afogados,Crime Cibernético,Explosivos,1,4,58,5,1,Concluído
Furto,Torre,Crime Cibernético,Nenhum,4,1,32,4,1,Concluído
Homicídio,Afogados,Arrombamento,Faca,1,3,36,5,1,Concluído
Estelionato,Pina,Invasão Residencial,Arma de Fogo,1,3,50,0,0,Arquivado
Sequestro,Boa Viagem,Emboscada,Faca,0,1,23,8,0,Arquivado
Roubo,Espinheiro,Fraude Online,Faca,1,3,29,3,1,Concluído
Violência Doméstica,Espinheiro,Invasão Residencial,Explosivos,3,0,36,3,1,Concluído
Roubo,Boa Viagem,Estelionato Bancário,Nenhum,4,0,23,8,1,Concluído
Estupro,Torre,Uso de Arma de Fogo,Nenhum,0,2,25,4,1,Concluído
Latrocínio,Graças,Invasão Residencial,Objeto Contundente,2,3,14,1,0,Arquivado
Tráfico de Drogas,Tamarineira,Invasão Residencial,Nenhum,2,3,16,7,1,Concluído
Estelionato,Tamarineira,Invasão Residencial,Explosivos,1,4,54,7,0,Arquivado
Ameaça,Casa Forte,Invasão Residencial,Arma de Fogo,0,3,43,2,1,Concluído
Tráfico de Drogas,Afogados,Assalto a Mão Armada,Nenhum,3,1,40,5,1,Concluído
Latrocínio,Boa Viagem,Estelionato Bancário,Faca,2,4,17,8,1,Concluído
Sequestro,Casa Forte,Emboscada,Nenhum,0,3,37,2,1,Concluído
Roubo,Pina,Assalto a Mão Armada,Objeto Contundente,0,2,66,0,0,Arquivado
Sequestro,Torre,Invasão Residencial,Objeto Contundente,1,4,62,4,0,Arquivado
Roubo,Graças,Invasão Residencial,Faca,3,1,41,1,0,Arquivado
Violência Doméstica,Boa Viagem,Estelionato Bancário,Explosivos,2,4,27,8,1,Concluído
Estelionato,Afogados,Emboscada,Objeto Contundente,3,1,51,5,1,Concluído
Homicídio,Graças,Fraude Online,Explosivos,3,4,21,1,1,Concluído
Estupro,Graças,Fraude Online,Nenhum,3,4,47,1,0,Arquivado
Violência Doméstica,Torre,Uso de Arma de Fogo,Nenhum,1,3,39,4,1,Concluído
Homicídio,Espinheiro,Arrombamento,Faca,3,1,58,3,1,Concluído
Ameaça,Pina,Estupro Coletivo,Explosivos,0,3,25,0,0,Arquivado
Homicídio,Torre,Emboscada,Explosivos,2,1,33,4,0,Arquivado
Furto,Casa Forte,Uso de Arma de Fogo,Explosivos,3,0,23,2,0,Arquivado
Homicídio,Graças,Invasão Residencial,Explosivos,1,3,35,1,0,Arquivado
Sequestro,Espinheiro,Uso de Arma de Fogo,Faca,3,0,30,3,0,Arquivado
Ameaça,Tamarineira,Estupro Coletivo,Nenhum,0,2,56,7,0,Arquivado
Latrocínio,Pina,Uso de Arma de Fogo,Faca,0,4,59,0,1,Concluído
Estelionato,Boa Viagem,Estelionato Bancário,Faca,4,4,18,8,0,Arquivado
Tráfico de Drogas,Boa Viagem,Fraude Online,Explosivos,3,3,18,8,0,Arquivado
Furto,Boa Viagem,Arrombamento,Explosivos,3,1,24,8,1,Concluído
Estupro,Imbiribeira,Emboscada,Objeto Contundente,3,0,19,6,0,Arquivado
Estupro,Casa Forte,Assalto a Mão Armada,Arma de Fogo,2,3,56,2,1,Concluído
Ameaça,Espinheiro,Emboscada,Nenhum,2,3,30,3,0,Arquivado
Furto,Afogados,Estupro Coletivo,Faca,4,1,19,5,1,Concluído
Tráfico de Drogas,Graças,Estelionato Bancário,Arma de Fogo,2,2,43,1,1,Concluído
Estupro,Boa Viagem,Uso de Arma de Fogo,Faca,4,1,61,8,0,Arquivado
Roubo,Boa Viagem,Crime Cibernético,Nenhum,3,2,22,8,0,Arquivado
Violência Doméstica,Imbiribeira,Assalto a Mão Armada,Explosivos,2,0,41,6,1,Concluído
Roubo,Graças,Crime Cibernético,Arma de Fogo,1,0,22,1,0,Arquivado
Homicídio,Boa Viagem,Fraude Online,Arma de Fogo,3,4,21,8,1,Concluído
Tráfico de Drogas,Torre,Estupro Coletivo,Objeto Contundente,4,2,28,4,1,Concluído
Roubo,Boa Viagem,Estelionato Bancário,Arma de Fogo,0,3,15,8,0,Arquivado
Tráfico de Drogas,Pina,Crime Cibernético,Explosivos,0,2,36,0,0,Arquivado
Estelionato,Torre,Estupro Coletivo,Faca,2,3,31,4,0,Arquivado
Furto,Casa Forte,Arrombamento,Nenhum,1,3,59,2,0,Arquivado
Tráfico de Drogas,Boa Viagem,Estelionato Bancário,Nenhum,3,3,62,8,0,Arquivado
Estelionato,Tamarineira,Estelionato Bancário,Nenhum,2,1,39,7,1,Concluído
Estupro,Tamarineira,Emboscada,Arma de Fogo,1,1,31,7,1,Concluído
Homicídio,Tamarineira,Estelionato Bancário,Objeto Contundente,3,3,39,7,1,Concluído
Sequestro,Torre,Fraude Online,Objeto Contundente,3,0,61,4,0,Arquivado
Furto,Santo Amaro,Golpe Telefônico,Faca,0,4,36,2,0,Arquivado
Latrocínio,Tamarineira,Emboscada,Arma de Fogo,3,2,60,7,1,Concluído
Latrocínio,Casa Forte,Estupro Coletivo,Arma de Fogo,3,4,26,2,1,Concluído
Estelionato,Graças,Emboscada,Nenhum,2,2,60,1,1,Concluído
Latrocínio,Espinheiro,Estelionato Bancário,Arma de Fogo,3,3,51,3,0,Arquivado
Estelionato,Afogados,Fraude Online,Explosivos,1,3,43,5,1,Concluído
Homicídio,Santo Amaro,Invasão Residencial,Faca,3,1,51,2,1,Concluído
Estelionato,Torre,Crime Cibernético,Faca,1,0,47,4,1,Concluído
Latrocínio,Imbiribeira,Invasão Residencial,Nenhum,0,4,16,6,1,Concluído
Violência Doméstica,Boa Viagem,Emboscada,Nenhum,4,0,54,8,0,Arquivado
Estupro,Graças,Golpe Telefônico,Faca,4,2,39,1,1,Concluído
Tráfico de Drogas,Casa Forte,Estupro Coletivo,Faca,2,0,20,2,1,Concluído
Latrocínio,Boa Viagem,Estupro Coletivo,Arma de Fogo,3,2,41,8,0,Arquivado
Furto,Santo Amaro,Invasão Residencial,Faca,0,4,65,2,0,Arquivado
Ameaça,Espinheiro,Estupro Coletivo,Explosivos,1,1,40,3,0,Arquivado
Homicídio,Pina,Crime Cibernético,Faca,0,2,55,0,0,Arquivado
Estelionato,Torre,Estupro Coletivo,Nenhum,4,4,19,4,0,Arquivado
Violência Doméstica,Pina,Fraude Online,Faca,3,4,65,0,1,Concluído
Estelionato,Pina,Emboscada,Arma de Fogo,1,1,62,0,0,Arquivado
Latrocínio,Tamarineira,Uso de Arma de Fogo,Faca,1,4,56,7,1,Concluído
Furto,Tamarineira,Estelionato Bancário,Faca,3,3,55,7,0,Arquivado
Violência Doméstica,Boa Viagem,Arrombamento,Objeto Contundente,0,3,49,8,0,Arquivado
Estelionato,Boa Viagem,Fraude Online,Explosivos,0,3,48,8,1,Concluído
Homicídio,Santo Amaro,Estelionato Bancário,Explosivos,3,1,62,2,0,Arquivado
Estelionato,Pina,Estelionato Bancário,Arma de Fogo,2,3,53,0,1,Concluído
Furto,Espinheiro,Uso de Arma de Fogo,Faca,1,2,45,3,1,Concluído
Homicídio,Graças,Assalto a Mão Armada,Objeto Contundente,3,2,32,1,1,Concluído
Sequestro,Graças,Golpe Telefônico,Arma de Fogo,1,3,53,1,0,Arquivado
Furto,Espinheiro,Uso de Arma de Fogo,Faca,4,0,67,3,1,Concluído
Estelionato,Graças,Uso de Arma de Fogo,Nenhum,2,3,37,1,1,Concluído
Furto,Torre,Assalto a Mão Armada,Objeto Contundente,4,2,31,4,0,Arquivado
Roubo,Tamarineira,Estelionato Bancário,Arma de Fogo,2,4,23,7,1,Concluído
Homicídio,Tamarineira,Invasão Residencial,Arma de Fogo,1,2,34,7,1,Concluído
Tráfico de Drogas,Espinheiro,Uso de Arma de Fogo,Explosivos,0,3,23,3,1,Concluído
Furto,Tamarineira,Fraude Online,Explosivos,0,4,55,7,1,Concluído
Latrocínio,Boa Viagem,Golpe Telefônico,Objeto Contundente,4,4,51,8,0,Arquivado
Violência Doméstica,Espinheiro,Estupro Coletivo,Nenhum,3,3,26,3,0,Arquivado
Homicídio,Espinheiro,Fraude Online,Faca,1,0,21,3,0,Arquivado
Ameaça,Santo Amaro,Assalto a Mão Armada,Arma de Fogo,2,1,18,2,1,Concluído
Estupro,Afogados,Fraude Online,Nenhum,3,0,55,5,0,Arquivado
Tráfico de Drogas,Espinheiro,Fraude Online,Faca,3,1,30,3,1,Concluído
Furto,Imbiribeira,Fraude Online,Explosivos,4,0,64,6,0,Arquivado
Estupro,Imbiribeira,Fraude Online,Objeto Contundente,1,4,48,6,1,Concluído
Furto,Casa Forte,Estupro Coletivo,Nenhum,1,1,16,2,0,Arquivado
Roubo,Santo Amaro,Golpe Telefônico,Explosivos,1,0,23,2,1,Concluído
Ameaça,Boa Viagem,Fraude Online,Faca,1,4,51,8,0,Arquivado
Estupro,Tamarineira,Estelionato Bancário,Objeto Contundente,3,3,44,7,0,Arquivado
Estelionato,Afogados,Uso de Arma de Fogo,Explosivos,3,1,19,5,1,Concluído
Ameaça,Casa Forte,Golpe Telefônico,Nenhum,1,1,27,2,1,Concluído
Tráfico de Drogas,Pina,Golpe Telefônico,Nenhum,3,1,42,0,1,Concluído
Roubo,Boa Viagem,Assalto a Mão Armada,Faca,3,2,46,8,1,Concluído
Estelionato,Casa Forte,Estelionato Bancário,Explosivos,4,1,51,2,0,Arquivado
Sequestro,Tamarineira,Golpe Telefônico,Arma de Fogo,2,0,44,7,1,Concluído
Violência Doméstica,Pina,Emboscada,Explosivos,0,0,45,0,1,Concluído
Estupro,Graças,Estupro Coletivo,Explosivos,4,3,50,1,1,Concluído
Violência Doméstica,Torre,Arrombamento,Nenhum,0,2,46,4,1,Concluído
Furto,Espinheiro,Arrombamento,Faca,2,0,48,3,1,Concluído
Estelionato,Graças,Assalto a Mão Armada,Objeto Contundente,0,4,46,1,0,Arquivado
Homicídio,Espinheiro,Estelionato Bancário,Nenhum,1,4,53,3,0,Arquivado
Homicídio,Torre,Estupro Coletivo,Nenhum,0,1,27,4,0,Arquivado
Estupro,Tamarineira,Assalto a Mão Armada,Explosivos,2,3,62,7,1,Concluído
Latrocínio,Casa Forte,Estelionato Bancário,Faca,4,2,58,2,1,Concluído
Ameaça,Afogados,Invasão Residencial,Arma de Fogo,2,1,54,5,0,Arquivado
Sequestro,Casa Forte,Estelionato Bancário,Nenhum,2,1,51,2,0,Arquivado
Estelionato,Afogados,Assalto a Mão Armada,Nenhum,2,3,63,5,1,Concluído
Latrocínio,Espinheiro,Golpe Telefônico,Arma de Fogo,1,1,20,3,0,Arquivado
Violência Doméstica,Tamarineira,Uso de Arma de Fogo,Objeto Contundente,0,1,30,7,1,Concluído
Furto,Afogados,Assalto a Mão Armada,Objeto Contundente,2,0,54,5,0,Arquivado
Violência Doméstica,Torre,Arrombamento,Objeto Contundente,3,4,56,4,0,Arquivado
Estupro,Pina,Estupro Coletivo,Nenhum,0,2,56,0,0,Arquivado
Homicídio,Afogados,Estelionato Bancário,Arma de Fogo,3,2,35,5,1,Concluído
Estupro,Graças,Fraude Online,Faca,3,3,15,1,1,Concluído
Ameaça,Graças,Fraude Online,Nenhum,2,2,63,1,0,Arquivado
Violência Doméstica,Boa Viagem,Estelionato Bancário,Nenhum,3,1,34,8,1,Concluído
Estelionato,Casa Forte,Estelionato Bancário,Objeto Contundente,3,0,23,2,1,Concluído
Tráfico de Drogas,Tamarineira,Invasão Residencial,Objeto Contundente,4,3,30,7,1,Concluído
Estelionato,Boa Viagem,Estupro Coletivo,Arma de Fogo,0,4,17,8,0,Arquivado
Sequestro,Imbiribeira,Uso de Arma de Fogo,Arma de Fogo,4,2,25,6,0,Arquivado
Violência Doméstica,Pina,Fraude Online,Objeto Contundente,4,0,43,0,0,Arquivado
Furto,Graças,Crime Cibernético,Arma de Fogo,4,1,50,1,0,Arquivado
Tráfico de Drogas,Pina,Assalto a Mão Armada,Faca,4,4,47,0,1,Concluído
Violência Doméstica,Casa Forte,Crime Cibernético,Faca,1,0,68,2,0,Arquivado
Roubo,Boa Viagem,Golpe Telefônico,Faca,2,4,23,8,0,Arquivado
Sequestro,Afogados,Estupro Coletivo,Arma de Fogo,2,1,20,5,1,Concluído
Violência Doméstica,Pina,Golpe Telefônico,Explosivos,3,2,34,0,1,Concluído
Homicídio,Pina,Invasão Residencial,Arma de Fogo,1,4,54,0,0,Arquivado
Estelionato,Casa Forte,Crime Cibernético,Objeto Contundente,0,0,36,2,0,Arquivado
Furto,Casa Forte,Crime Cibernético,Faca,3,1,31,2,1,Concluído
Violência Doméstica,Pina,Estupro Coletivo,Objeto Contundente,2,2,33,0,1,Concluído
Furto,Casa Forte,Arrombamento,Arma de Fogo,2,4,42,2,0,Arquivado
Ameaça,Tamarineira,Golpe Telefônico,Arma de Fogo,2,0,24,7,0,Arquivado
Latrocínio,Espinheiro,Arrombamento,Explosivos,1,2,56,3,0,Arquivado
Latrocínio,Torre,Arrombamento,Nenhum,0,3,39,4,1,Concluído
Latrocínio,Torre,Arrombamento,Objeto Contundente,4,0,24,4,1,Concluído
Tráfico de Drogas,Imbiribeira,Arrombamento,Objeto Contundente,4,0,64,6,0,Arquivado
Furto,Tamarineira,Invasão Residencial,Nenhum,0,1,29,7,0,Arquivado
Tráfico de Drogas,Espinheiro,Uso de Arma de Fogo,Explosivos,2,0,14,3,1,Concluído
Roubo,Boa Viagem,Invasão Residencial,Explosivos,2,1,67,8,1,Concluído
Homicídio,Torre,Uso de Arma de Fogo,Faca,2,2,47,4,1,Concluído
Violência Doméstica,Pina,Estupro Coletivo,Faca,3,4,52,0,1,Concluído
Latrocínio,Santo Amaro,Arrombamento,Explosivos,1,1,59,2,0,Arquivado
Furto,Boa Viagem,Crime Cibernético,Faca,0,4,45,8,0,Arquivado
Ameaça,Torre,Arrombamento,Faca,4,2,56,4,1,Concluído
Homicídio,Imbiribeira,Arrombamento,Explosivos,0,1,69,6,0,Arquivado
Ameaça,Afogados,Arrombamento,Explosivos,2,3,27,5,0,Arquivado
Violência Doméstica,Santo Amaro,Golpe Telefônico,Arma de Fogo,2,4,32,2,0,Arquivado
Estelionato,Espinheiro,Invasão Residencial,Arma de Fogo,4,2,48,3,0,Arquivado
Roubo,Imbiribeira,Fraude Online,Arma de Fogo,3,0,48,6,0,Arquivado
Homicídio,Boa Viagem,Estelionato Bancário,Arma de Fogo,3,2,15,8,0,Arquivado
Furto,Espinheiro,Assalto a Mão Armada,Faca,1,4,42,3,0,Arquivado
Estupro,Boa Viagem,Golpe Telefônico,Faca,0,4,49,8,0,Arquivado
Estupro,Afogados,Emboscada,Arma de Fogo,1,0,48,5,1,Concluído
Violência Doméstica,Torre,Estupro Coletivo,Nenhum,4,0,57,4,0,Arquivado
Roubo,Pina,Crime Cibernético,Objeto Contundente,2,0,40,0,0,Arquivado
Latrocínio,Pina,Assalto a Mão Armada,Faca,1,4,34,0,1,Concluído
Estelionato,Imbiribeira,Fraude Online,Nenhum,0,0,60,6,0,Arquivado
Tráfico de Drogas,Boa Viagem,Fraude Online,Nenhum,3,1,15,8,0,Arquivado
Latrocínio,Espinheiro,Arrombamento,Arma de Fogo,2,2,33,3,0,Arquivado
Violência Doméstica,Boa Viagem,Invasão Residencial,Explosivos,3,3,56,8,1,Concluído
Ameaça,Pina,Assalto a Mão Armada,Arma de Fogo,0,4,59,0,1,Concluído
Estupro,Casa Forte,Uso de Arma de Fogo,Nenhum,4,4,32,2,1,Concluído
Homicídio,Espinheiro,Uso de Arma de Fogo,Faca,3,0,63,3,0,Arquivado
Latrocínio,Graças,Assalto a Mão Armada,Faca,1,2,60,1,0,Arquivado
Furto,Casa Forte,Invasão Residencial,Faca,1,1,60,2,1,Concluído
Sequestro,Imbiribeira,Invasão Residencial,Nenhum,3,2,31,6,1,Concluído
Furto,Santo Amaro,Fraude Online,Faca,4,2,54,2,0,Arquivado
Latrocínio,Imbiribeira,Uso de Arma de Fogo,Explosivos,2,4,61,6,1,Concluído
Furto,Pina,Invasão Residencial,Explosivos,0,4,51,0,1,Concluído
Roubo,Graças,Estelionato Bancário,Objeto Contundente,1,2,37,1,1,Concluído
Tráfico de Drogas,Santo Amaro,Assalto a Mão Armada,Arma de Fogo,0,4,36,2,1,Concluído
Latrocínio,Boa Viagem,Uso de Arma de Fogo,Nenhum,2,1,39,8,1,Concluído
Ameaça,Boa Viagem,Estupro Coletivo,Explosivos,3,4,17,8,1,Concluído
Latrocínio,Torre,Golpe Telefônico,Arma de Fogo,4,3,45,4,0,Arquivado
Ameaça,Torre,Assalto a Mão Armada,Arma de Fogo,4,2,26,4,0,Arquivado
Violência Doméstica,Afogados,Estelionato Bancário,Objeto Contundente,4,2,30,5,0,Arquivado
Ameaça,Torre,Estelionato Bancário,Explosivos,0,0,24,4,1,Concluído
Latrocínio,Tamarineira,Arrombamento,Nenhum,4,3,53,7,0,Arquivado
Furto,Imbiribeira,Golpe Telefônico,Arma de Fogo,4,1,67,6,0,Arquivado
Estelionato,Graças,Estupro Coletivo,Arma de Fogo,0,0,31,1,1,Concluído
Homicídio,Tamarineira,Fraude Online,Faca,4,3,37,7,0,Arquivado
Latrocínio,Torre,Estupro Coletivo,Objeto Contundente,2,4,47,4,0,Arquivado
Tráfico de Drogas,Imbiribeira,Estelionato Bancário,Faca,0,1,39,6,0,Arquivado
Violência Doméstica,Tamarineira,Invasão Residencial,Faca,3,2,32,7,0,Arquivado
Estelionato,Boa Viagem,Arrombamento,Arma de Fogo,4,0,53,8,1,Concluído
Tráfico de Drogas,Imbiribeira,Emboscada,Faca,4,1,60,6,1,Concluído
Furto,Boa Viagem,Estupro Coletivo,Nenhum,3,4,55,8,1,Concluído
Furto,Espinheiro,Fraude Online,Arma de Fogo,1,3,53,3,1,Concluído
Estelionato,Pina,Estupro Coletivo,Nenhum,3,0,30,0,1,Concluído
Sequestro,Casa Forte,Estupro Coletivo,Explosivos,3,1,66,2,0,Arquivado
Furto,Casa Forte,Arrombamento,Faca,2,4,25,2,1,Concluído
Estelionato,Casa Forte,Estelionato Bancário,Explosivos,3,1,63,2,1,Concluído
Latrocínio,Pina,Estelionato Bancário,Arma de Fogo,2,0,60,0,0,Arquivado
Tráfico de Drogas,Torre,Invasão Residencial,Objeto Contundente,4,2,21,4,1,Concluído
Furto,Afogados,Estupro Coletivo,Explosivos,4,2,65,5,0,Arquivado
Estelionato,Boa Viagem,Uso de Arma de Fogo,Faca,3,0,49,8,0,Arquivado
Violência Doméstica,Afogados,Estelionato Bancário,Explosivos,4,1,43,5,0,Arquivado
Estelionato,Tamarineira,Emboscada,Explosivos,4,2,25,7,1,Concluído
Estupro,Santo Amaro,Emboscada,Explosivos,2,3,25,2,1,Concluído
Roubo,Boa Viagem,Fraude Online,Explosivos,3,2,51,8,0,Arquivado
Ameaça,Casa Forte,Arrombamento,Explosivos,3,0,61,2,1,Concluído
Tráfico de Drogas,Tamarineira,Fraude Online,Arma de Fogo,1,1,21,7,1,Concluído
Ameaça,Casa Forte,Fraude Online,Faca,1,1,59,2,1,Concluído
Violência Doméstica,Imbiribeira,Uso de Arma de Fogo,Explosivos,3,1,65,6,1,Concluído
Estelionato,Boa Viagem,Uso de Arma de Fogo,Objeto Contundente,3,3,63,8,0,Arquivado
Furto,Casa Forte,Emboscada,Arma de Fogo,4,4,15,2,1,Concluído
Estelionato,Torre,Assalto a Mão Armada,Arma de Fogo,2,4,23,4,1,Concluído
Latrocínio,Boa Viagem,Golpe Telefônico,Arma de Fogo,0,2,25,8,1,Concluído
Furto,Santo Amaro,Assalto a Mão Armada,Faca,3,2,21,2,0,Arquivado
Violência Doméstica,Tamarineira,Fraude Online,Explosivos,1,3,24,7,0,Arquivado
Roubo,Santo Amaro,Uso de Arma de Fogo,Objeto Contundente,4,4,40,2,1,Concluído
Latrocínio,Imbiribeira,Arrombamento,Explosivos,3,2,44,6,1,Concluído
Estupro,Tamarineira,Golpe Telefônico,Faca,0,1,25,7,1,Concluído
Latrocínio,Pina,Golpe Telefônico,Nenhum,1,3,57,0,0,Arquivado
Ameaça,Espinheiro,Arrombamento,Faca,0,2,15,3,0,Arquivado
Estelionato,Espinheiro,Golpe Telefônico,Explosivos,2,0,64,3,1,Concluído
Furto,Afogados,Golpe Telefônico,Explosivos,1,1,33,5,1,Concluído
Sequestro,Espinheiro,Crime Cibernético,Faca,1,3,25,3,1,Concluído
Violência Doméstica,Torre,Crime Cibernético,Objeto Contundente,4,2,50,4,1,Concluído
Tráfico de Drogas,Graças,Estelionato Bancário,Objeto Contundente,4,2,50,1,0,Arquivado
Homicídio,Imbiribeira,Emboscada,Arma de Fogo,1,0,55,6,1,Concluído
Homicídio,Boa Viagem,Estupro Coletivo,Faca,2,1,32,8,1,Concluído
Estelionato,Graças,Arrombamento,Faca,3,4,15,1,0,Arquivado
Furto,Santo Amaro,Estelionato Bancário,Arma de Fogo,1,4,68,2,1,Concluído
Estupro,Santo Amaro,Emboscada,Objeto Contundente,0,4,68,2,0,Arquivado
Latrocínio,Afogados,Arrombamento,Explosivos,1,1,60,5,0,Arquivado
Homicídio,Pina,Fraude Online,Faca,2,3,62,0,0,Arquivado
Tráfico de Drogas,Torre,Fraude Online,Faca,0,0,48,4,1,Concluído
Violência Doméstica,Casa Forte,Emboscada,Nenhum,3,2,22,2,1,Concluído
Tráfico de Drogas,Boa Viagem,Golpe Telefônico,Objeto Contundente,4,2,64,8,0,Arquivado
Estupro,Casa Forte,Fraude Online,Faca,3,1,60,2,1,Concluído
Estupro,Imbiribeira,Invasão Residencial,Faca,3,1,42,6,0,Arquivado
Estupro,Santo Amaro,Invasão Residencial,Nenhum,3,3,62,2,1,Concluído
Homicídio,Graças,Golpe Telefônico,Nenhum,4,4,21,1,1,Concluído
Homicídio,Santo Amaro,Estupro Coletivo,Nenhum,2,3,42,2,0,Arquivado
Tráfico de Drogas,Imbiribeira,Crime Cibernético,Nenhum,2,3,67,6,0,Arquivado
Ameaça,Boa Viagem,Arrombamento,Explosivos,1,0,60,8,0,Arquivado
Ameaça,Boa Viagem,Estelionato Bancário,Arma de Fogo,3,0,69,8,0,Arquivado
Tráfico de Drogas,Tamarineira,Assalto a Mão Armada,Arma de Fogo,4,1,22,7,1,Concluído
Ameaça,Tamarineira,Invasão Residencial,Explosivos,1,2,33,7,1,Concluído
Roubo,Casa Forte,Golpe Telefônico,Nenhum,1,0,15,2,0,Arquivado
Roubo,Torre,Estelionato Bancário,Nenhum,2,4,35,4,0,Arquivado
Sequestro,Boa Viagem,Emboscada,Nenhum,3,4,26,8,1,Concluído
Estelionato,Pina,Emboscada,Nenhum,0,4,33,0,0,Arquivado
Estupro,Boa Viagem,Golpe Telefônico,Objeto Contundente,1,2,45,8,0,Arquivado
Latrocínio,Torre,Golpe Telefônico,Nenhum,3,3,48,4,1,Concluído
Sequestro,Torre,Estupro Coletivo,Explosivos,1,1,15,4,0,Arquivado
Furto,Graças,Golpe Telefônico,Objeto Contundente,1,4,48,1,0,Arquivado
Estelionato,Espinheiro,Fraude Online,Objeto Contundente,0,0,56,3,1,Concluído
Ameaça,Santo Amaro,Golpe Telefônico,Explosivos,1,0,63,2,1,Concluído
Estelionato,Santo Amaro,Uso de Arma de Fogo,Arma de Fogo,4,1,22,2,0,Arquivado
Roubo,Boa Viagem,Uso de Arma de Fogo,Arma de Fogo,3,3,31,8,1,Concluído
Homicídio,Graças,Golpe Telefônico,Nenhum,3,0,44,1,1,Concluído
Homicídio,Graças,Fraude Online,Objeto Contundente,2,1,52,1,1,Concluído
Violência Doméstica,Pina,Arrombamento,Arma de Fogo,1,0,17,0,0,Arquivado
Sequestro,Torre,Assalto a Mão Armada,Objeto Contundente,0,1,18,4,1,Concluído
Homicídio,Graças,Estupro Coletivo,Objeto Contundente,0,3,51,1,0,Arquivado
Furto,Afogados,Estelionato Bancário,Objeto Contundente,0,1,18,5,0,Arquivado
Furto,Casa Forte,Emboscada,Faca,1,4,59,2,0,Arquivado
Sequestro,Espinheiro,Estelionato Bancário,Objeto Contundente,4,1,42,3,1,Concluído
Latrocínio,Graças,Crime Cibernético,Arma de Fogo,0,4,30,1,1,Concluído
Estupro,Santo Amaro,Invasão Residencial,Arma de Fogo,4,3,53,2,0,Arquivado
Homicídio,Afogados,Assalto a Mão Armada,Arma de Fogo,3,0,63,5,1,Concluído
Homicídio,Tamarineira,Emboscada,Objeto Contundente,2,4,19,7,1,Concluído
Latrocínio,Torre,Golpe Telefônico,Objeto Contundente,2,2,48,4,0,Arquivado
Homicídio,Afogados,Uso de Arma de Fogo,Objeto Contundente,4,2,31,5,1,Concluído
Estupro,Boa Viagem,Estelionato Bancário,Nenhum,0,2,51,8,1,Concluído
Ameaça,Santo Amaro,Estupro Coletivo,Arma de Fogo,0,3,57,2,0,Arquivado
Tráfico de Drogas,Santo Amaro,Assalto a Mão Armada,Faca,2,3,30,2,0,Arquivado
Violência Doméstica,Tamarineira,Estelionato Bancário,Explosivos,2,2,44,7,0,Arquivado
Latrocínio,Santo Amaro,Golpe Telefônico,Objeto Contundente,4,2,46,2,1,Concluído
Ameaça,Afogados,Uso de Arma de Fogo,Faca,0,1,53,5,1,Concluído
Tráfico de Drogas,Imbiribeira,Assalto a Mão Armada,Nenhum,2,3,55,6,0,Arquivado
Tráfico de Drogas,Tamarineira,Golpe Telefônico,Objeto Contundente,3,4,45,7,1,Concluído
Estupro,Imbiribeira,Fraude Online,Faca,0,0,28,6,1,Concluído
Ameaça,Pina,Estelionato Bancário,Objeto Contundente,4,2,68,0,1,Concluído
Tráfico de Drogas,Boa Viagem,Estupro Coletivo,Explosivos,3,3,51,8,1,Concluído
Tráfico de Drogas,Pina,Fraude Online,Arma de Fogo,0,4,41,0,0,Arquivado
Roubo,Pina,Fraude Online,Objeto Contundente,3,1,66,0,1,Concluído
Tráfico de Drogas,Espinheiro,Arrombamento,Faca,1,3,38,3,0,Arquivado
Estupro,Casa Forte,Arrombamento,Objeto Contundente,1,0,42,2,1,Concluído
Ameaça,Imbiribeira,Golpe Telefônico,Faca,4,0,32,6,0,Arquivado
Roubo,Torre,Uso de Arma de Fogo,Objeto Contundente,3,0,49,4,0,Arquivado
Estupro,Pina,Emboscada,Objeto Contundente,0,2,21,0,1,Concluído
Tráfico de Drogas,Pina,Emboscada,Arma de Fogo,1,1,45,0,1,Concluído
Ameaça,Torre,Invasão Residencial,Objeto Contundente,1,0,64,4,0,Arquivado
Tráfico de Drogas,Torre,Invasão Residencial,Objeto Contundente,1,2,41,4,1,Concluído
Ameaça,Graças,Crime Cibernético,Faca,3,3,48,1,1,Concluído
Tráfico de Drogas,Torre,Fraude Online,Arma de Fogo,3,3,60,4,0,Arquivado
Tráfico de Drogas,Santo Amaro,Emboscada,Arma de Fogo,0,0,19,2,0,Arquivado
Estupro,Tamarineira,Invasão Residencial,Explosivos,0,1,24,7,1,Concluído
Latrocínio,Pina,Arrombamento,Arma de Fogo,3,3,14,0,1,Concluído
Roubo,Boa Viagem,Estupro Coletivo,Explosivos,0,4,16,8,1,Concluído
Sequestro,Espinheiro,Uso de Arma de Fogo,Arma de Fogo,2,4,60,3,1,Concluído
Estupro,Casa Forte,Fraude Online,Explosivos,0,1,49,2,1,Concluído
Latrocínio,Pina,Uso de Arma de Fogo,Objeto Contundente,2,4,29,0,1,Concluído
Homicídio,Tamarineira,Invasão Residencial,Faca,2,0,21,7,0,Arquivado
Ameaça,Boa Viagem,Fraude Online,Objeto Contundente,2,1,48,8,1,Concluído
Estelionato,Torre,Crime Cibernético,Objeto Contundente,4,0,60,4,0,Arquivado
Sequestro,Boa Viagem,Fraude Online,Nenhum,1,1,64,8,0,Arquivado
Tráfico de Drogas,Afogados,Invasão Residencial,Explosivos,4,0,16,5,0,Arquivado
Roubo,Graças,Crime Cibernético,Arma de Fogo,2,3,32,1,0,Arquivado
Estelionato,Afogados,Estelionato Bancário,Arma de Fogo,0,3,37,5,1,Concluído
Estelionato,Imbiribeira,Golpe Telefônico,Arma de Fogo,1,4,20,6,1,Concluído
Estelionato,Pina,Invasão Residencial,Objeto Contundente,2,0,65,0,1,Concluído
Latrocínio,Imbiribeira,Fraude Online,Explosivos,1,4,49,6,0,Arquivado
Homicídio,Afogados,Invasão Residencial,Explosivos,1,1,57,5,1,Concluído
Ameaça,Pina,Crime Cibernético,Arma de Fogo,3,3,61,0,1,Concluído
Furto,Torre,Uso de Arma de Fogo,Arma de Fogo,0,1,23,4,1,Concluído
Tráfico de Drogas,Boa Viagem,Arrombamento,Faca,0,1,60,8,1,Concluído
Homicídio,Imbiribeira,Invasão Residencial,Arma de Fogo,3,3,63,6,0,Arquivado
Tráfico de Drogas,Tamarineira,Fraude Online,Faca,2,3,24,7,0,Arquivado
Sequestro,Santo Amaro,Crime Cibernético,Arma de Fogo,3,4,43,2,0,Arquivado
Tráfico de Drogas,Casa Forte,Emboscada,Explosivos,2,0,26,2,1,Concluído
Homicídio,Boa Viagem,Estupro Coletivo,Objeto Contundente,1,2,27,8,1,Concluído
Violência Doméstica,Imbiribeira,Emboscada,Arma de Fogo,2,0,16,6,0,Arquivado
Violência Doméstica,Pina,Crime Cibernético,Nenhum,0,2,54,0,1,Concluído
Ameaça,Casa Forte,Arrombamento,Arma de Fogo,0,2,14,2,0,Arquivado
Furto,Santo Amaro,Estelionato Bancário,Objeto Contundente,4,0,42,2,1,Concluído
Violência Doméstica,Torre,Estupro Coletivo,Nenhum,0,3,18,4,1,Concluído
Sequestro,Casa Forte,Estelionato Bancário,Arma de Fogo,3,1,22,2,1,Concluído
Furto,Torre,Estupro Coletivo,Arma de Fogo,2,3,66,4,1,Concluído
Estupro,Pina,Crime Cibernético,Objeto Contundente,0,0,51,0,1,Concluído
Tráfico de Drogas,Imbiribeira,Fraude Online,Arma de Fogo,4,3,48,6,0,Arquivado
Violência Doméstica,Santo Amaro,Arrombamento,Explosivos,0,3,56,2,0,Arquivado
Homicídio,Casa Forte,Estupro Coletivo,Faca,0,0,49,2,0,Arquivado
Violência Doméstica,Tamarineira,Crime Cibernético,Faca,3,4,40,7,0,Arquivado
Estupro,Santo Amaro,Invasão Residencial,Nenhum,1,3,47,2,1,Concluído
Ameaça,Santo Amaro,Estelionato Bancário,Objeto Contundente,4,0,67,2,0,Arquivado
Violência Doméstica,Graças,Golpe Telefônico,Objeto Contundente,2,1,26,1,0,Arquivado
Estupro,Afogados,Invasão Residencial,Objeto Contundente,3,1,37,5,1,Concluído
Tráfico de Drogas,Graças,Estelionato Bancário,Faca,1,0,17,1,0,Arquivado
Violência Doméstica,Tamarineira,Emboscada,Explosivos,3,3,31,7,0,Arquivado
Homicídio,Santo Amaro,Fraude Online,Faca,1,3,61,2,1,Concluído
Sequestro,Casa Forte,Fraude Online,Arma de Fogo,1,4,62,2,1,Concluído
Estelionato,Torre,Uso de Arma de Fogo,Objeto Contundente,4,2,69,4,0,Arquivado
Sequestro,Tamarineira,Estupro Coletivo,Objeto Contundente,2,1,55,7,0,Arquivado
Roubo,Torre,Estelionato Bancário,Explosivos,1,2,23,4,1,Concluído
Tráfico de Drogas,Graças,Assalto a Mão Armada,Arma de Fogo,0,1,45,1,0,Arquivado
Estelionato,Afogados,Fraude Online,Arma de Fogo,0,1,36,5,1,Concluído
Estelionato,Imbiribeira,Estelionato Bancário,Explosivos,1,4,26,6,0,Arquivado
Sequestro,Boa Viagem,Arrombamento,Objeto Contundente,0,0,61,8,0,Arquivado
Furto,Boa Viagem,Crime Cibernético,Explosivos,4,4,57,8,0,Arquivado
Homicídio,Espinheiro,Golpe Telefônico,Faca,3,1,46,3,0,Arquivado
Estupro,Imbiribeira,Assalto a Mão Armada,Nenhum,1,1,58,6,0,Arquivado
Ameaça,Pina,Arrombamento,Explosivos,0,4,44,0,0,Arquivado
Latrocínio,Casa Forte,Assalto a Mão Armada,Explosivos,2,1,22,2,0,Arquivado
Furto,Pina,Estupro Coletivo,Faca,3,4,67,0,1,Concluído
Furto,Torre,Crime Cibernético,Faca,1,0,33,4,1,Concluído
Estelionato,Casa Forte,Arrombamento,Nenhum,2,0,16,2,1,Concluído
Estelionato,Santo Amaro,Emboscada,Arma de Fogo,0,4,56,2,1,Concluído
Tráfico de Drogas,Afogados,Golpe Telefônico,Nenhum,2,0,23,5,0,Arquivado
Sequestro,Imbiribeira,Uso de Arma de Fogo,Objeto Contundente,2,4,56,6,1,Concluído
Ameaça,Pina,Estupro Coletivo,Objeto Contundente,0,4,35,0,0,Arquivado
Latrocínio,Tamarineira,Emboscada,Arma de Fogo,1,3,38,7,1,Concluído
Furto,Pina,Uso de Arma de Fogo,Arma de Fogo,0,1,31,0,0,Arquivado
Latrocínio,Tamarineira,Assalto a Mão Armada,Nenhum,1,3,41,7,0,Arquivado
Estupro,Graças,Fraude Online,Faca,1,4,64,1,0,Arquivado
Violência Doméstica,Graças,Invasão Residencial,Objeto Contundente,2,3,54,1,0,Arquivado
Furto,Pina,Assalto a Mão Armada,Nenhum,1,2,63,0,0,Arquivado
Homicídio,Torre,Fraude Online,Explosivos,1,0,27,4,0,Arquivado
Homicídio,Santo Amaro,Invasão Residencial,Nenhum,4,2,19,2,0,Arquivado
Sequestro,Espinheiro,Estelionato Bancário,Nenhum,1,3,69,3,0,Arquivado
Homicídio,Santo Amaro,Invasão Residencial,Explosivos,4,0,33,2,1,Concluído
Homicídio,Casa Forte,Uso de Arma de Fogo,Arma de Fogo,2,1,27,2,0,Arquivado
Estelionato,Torre,Arrombamento,Explosivos,3,4,51,4,0,Arquivado
Estupro,Boa Viagem,Uso de Arma de Fogo,Objeto Contundente,2,4,45,8,1,Concluído
Ameaça,Imbiribeira,Crime Cibernético,Arma de Fogo,1,1,52,6,1,Concluído
Sequestro,Torre,Fraude Online,Faca,4,2,33,4,0,Arquivado
Latrocínio,Imbiribeira,Emboscada,Explosivos,2,2,40,6,0,Arquivado
Ameaça,Graças,Golpe Telefônico,Nenhum,1,1,22,1,1,Concluído
Estelionato,Imbiribeira,Crime Cibernético,Explosivos,0,0,68,6,1,Concluído
Sequestro,Espinheiro,Arrombamento,Faca,0,4,37,3,1,Concluído
Homicídio,Casa Forte,Fraude Online,Objeto Contundente,0,2,34,2,1,Concluído
Homicídio,Torre,Estupro Coletivo,Explosivos,2,4,59,4,1,Concluído
Latrocínio,Espinheiro,Golpe Telefônico,Explosivos,2,1,21,3,0,Arquivado
Violência Doméstica,Santo Amaro,Arrombamento,Explosivos,2,3,40,2,0,Arquivado
Sequestro,Boa Viagem,Fraude Online,Objeto Contundente,0,0,40,8,0,Arquivado
Estelionato,Casa Forte,Uso de Arma de Fogo,Nenhum,2,1,17,2,0,Arquivado
Tráfico de Drogas,Casa Forte,Uso de Arma de Fogo,Arma de Fogo,0,2,61,2,0,Arquivado
Violência Doméstica,Espinheiro,Invasão Residencial,Arma de Fogo,2,3,47,3,0,Arquivado
Violência Doméstica,Santo Amaro,Estupro Coletivo,Arma de Fogo,4,4,63,2,1,Concluído
Furto,Imbiribeira,Fraude Online,Faca,1,3,32,6,1,Concluído
Ameaça,Casa Forte,Uso de Arma de Fogo,Objeto Contundente,2,3,54,2,0,Arquivado
Ameaça,Tamarineira,Arrombamento,Faca,1,3,45,7,1,Concluído
Tráfico de Drogas,Casa Forte,Invasão Residencial,Nenhum,0,4,63,2,0,Arquivado
Homicídio,Casa Forte,Golpe Telefônico,Objeto Contundente,2,0,26,2,1,Concluído
Ameaça,Santo Amaro,Arrombamento,Explosivos,4,2,38,2,0,Arquivado
Homicídio,Tamarineira,Fraude Online,Nenhum,2,0,33,7,0,Arquivado
Violência Doméstica,Santo Amaro,Fraude Online,Explosivos,1,4,61,2,0,Arquivado
Roubo,Imbiribeira,Emboscada,Nenhum,2,3,57,6,1,Concluído
Ameaça,Boa Viagem,Emboscada,Objeto Contundente,2,1,32,8,0,Arquivado
Sequestro,Espinheiro,Invasão Residencial,Arma de Fogo,0,3,51,3,1,Concluído
Violência Doméstica,Torre,Invasão Residencial,Objeto Contundente,0,1,24,4,1,Concluído
Ameaça,Graças,Emboscada,Faca,2,2,40,1,0,Arquivado
Estupro,Boa Viagem,Estupro Coletivo,Faca,0,3,32,8,0,Arquivado
Violência Doméstica,Espinheiro,Invasão Residencial,Nenhum,2,3,48,3,1,Concluído
Violência Doméstica,Torre,Arrombamento,Objeto Contundente,1,3,37,4,1,Concluído
Violência Doméstica,Santo Amaro,Estelionato Bancário,Objeto Contundente,4,1,27,2,0,Arquivado
Estelionato,Pina,Emboscada,Arma de Fogo,4,4,42,0,1,Concluído
Homicídio,Imbiribeira,Arrombamento,Objeto Contundente,0,4,22,6,0,Arquivado
Estelionato,Afogados,Golpe Telefônico,Arma de Fogo,3,2,35,5,1,Concluído
Ameaça,Torre,Emboscada,Arma de Fogo,0,1,69,4,1,Concluído
Sequestro,Graças,Crime Cibernético,Faca,3,2,46,1,1,Concluído
Tráfico de Drogas,Espinheiro,Arrombamento,Explosivos,2,3,21,3,1,Concluído
Estupro,Torre,Estupro Coletivo,Nenhum,4,2,35,4,0,Arquivado
Estelionato,Espinheiro,Estupro Coletivo,Objeto Contundente,2,4,45,3,0,Arquivado
Sequestro,Boa Viagem,Estupro Coletivo,Nenhum,4,1,21,8,1,Concluído
Ameaça,Afogados,Estupro Coletivo,Objeto Contundente,4,3,33,5,1,Concluído
Tráfico de Drogas,Afogados,Golpe Telefônico,Explosivos,3,2,33,5,0,Arquivado
Roubo,Tamarineira,Crime Cibernético,Arma de Fogo,2,3,19,7,0,Arquivado
Roubo,Tamarineira,Fraude Online,Nenhum,2,2,24,7,1,Concluído
Furto,Pina,Crime Cibernético,Explosivos,2,2,58,0,0,Arquivado
Latrocínio,Graças,Estupro Coletivo,Faca,2,0,30,1,0,Arquivado
Latrocínio,Espinheiro,Golpe Telefônico,Arma de Fogo,3,0,42,3,1,Concluído
Homicídio,Imbiribeira,Fraude Online,Nenhum,1,1,45,6,1,Concluído
Roubo,Pina,Crime Cibernético,Arma de Fogo,0,1,23,0,1,Concluído
Sequestro,Santo Amaro,Crime Cibernético,Nenhum,3,1,28,2,1,Concluído
Roubo,Pina,Assalto a Mão Armada,Nenhum,3,2,17,0,0,Arquivado
Roubo,Santo Amaro,Fraude Online,Objeto Contundente,3,1,57,2,0,Arquivado
Estelionato,Imbiribeira,Emboscada,Explosivos,1,1,55,6,1,Concluído
Homicídio,Imbiribeira,Arrombamento,Nenhum,1,1,68,6,1,Concluído
Homicídio,Graças,Arrombamento,Objeto Contundente,1,2,68,1,0,Arquivado
Ameaça,Afogados,Emboscada,Objeto Contundente,1,2,39,5,1,Concluído
Estelionato,Afogados,Crime Cibernético,Arma de Fogo,2,3,31,5,0,Arquivado
Estelionato,Imbiribeira,Uso de Arma de Fogo,Faca,4,4,29,6,1,Concluído
Ameaça,Santo Amaro,Estelionato Bancário,Faca,1,0,39,2,0,Arquivado
Sequestro,Pina,Golpe Telefônico,Objeto Contundente,2,1,64,0,1,Concluído
Tráfico de Drogas,Afogados,Emboscada,Objeto Contundente,2,0,31,5,1,Concluído
Tráfico de Drogas,Boa Viagem,Estupro Coletivo,Faca,1,0,30,8,1,Concluído
Furto,Pina,Fraude Online,Objeto Contundente,1,1,26,0,0,Arquivado
Violência Doméstica,Espinheiro,Arrombamento,Arma de Fogo,0,1,29,3,1,Concluído
Violência Doméstica,Tamarineira,Estupro Coletivo,Faca,2,2,29,7,1,Concluído
Violência Doméstica,Espinheiro,Uso de Arma de Fogo,Nenhum,4,2,53,3,1,Concluído
Sequestro,Santo Amaro,Golpe Telefônico,Explosivos,2,3,20,2,0,Arquivado
Estupro,Tamarineira,Assalto a Mão Armada,Arma de Fogo,3,1,16,7,1,Concluído
Roubo,Espinheiro,Crime Cibernético,Explosivos,0,2,58,3,1,Concluído
Tráfico de Drogas,Pina,Golpe Telefônico,Explosivos,0,2,48,0,1,Concluído
Latrocínio,Santo Amaro,Arrombamento,Explosivos,3,2,45,2,1,Concluído
Tráfico de Drogas,Boa Viagem,Crime Cibernético,Nenhum,1,1,68,8,1,Concluído
Latrocínio,Tamarineira,Estupro Coletivo,Objeto Contundente,0,4,18,7,0,Arquivado
Furto,Tamarineira,Uso de Arma de Fogo,Objeto Contundente,4,1,20,7,1,Concluído
Violência Doméstica,Tamarineira,Estupro Coletivo,Explosivos,4,4,56,7,0,Arquivado
Sequestro,Torre,Golpe Telefônico,Nenhum,2,2,56,4,1,Concluído
Roubo,Casa Forte,Golpe Telefônico,Faca,0,3,27,2,1,Concluído
Latrocínio,Tamarineira,Arrombamento,Nenhum,4,2,17,7,1,Concluído
Roubo,Santo Amaro,Assalto a Mão Armada,Explosivos,3,1,27,2,1,Concluído
Ameaça,Boa Viagem,Golpe Telefônico,Explosivos,3,2,66,8,1,Concluído
Ameaça,Pina,Arrombamento,Arma de Fogo,3,3,61,0,1,Concluído
Furto,Torre,Estelionato Bancário,Faca,1,4,68,4,0,Arquivado
Sequestro,Espinheiro,Golpe Telefônico,Objeto Contundente,2,4,32,3,1,Concluído
Homicídio,Pina,Assalto a Mão Armada,Faca,3,2,69,0,1,Concluído
Estelionato,Imbiribeira,Uso de Arma de Fogo,Objeto Contundente,4,0,33,6,0,Arquivado
Tráfico de Drogas,Boa Viagem,Assalto a Mão Armada,Nenhum,0,3,47,8,1,Concluído
Estelionato,Torre,Golpe Telefônico,Arma de Fogo,2,0,67,4,0,Arquivado
Sequestro,Casa Forte,Estelionato Bancário,Nenhum,4,2,14,2,0,Arquivado
Estelionato,Casa Forte,Golpe Telefônico,Objeto Contundente,2,4,26,2,0,Arquivado
Violência Doméstica,Graças,Arrombamento,Faca,0,2,59,1,1,Concluído
Violência Doméstica,Espinheiro,Emboscada,Arma de Fogo,4,2,27,3,1,Concluído
Homicídio,Tamarineira,Assalto a Mão Armada,Nenhum,2,3,25,7,1,Concluído
Ameaça,Casa Forte,Uso de Arma de Fogo,Faca,0,2,41,2,0,Arquivado
Ameaça,Boa Viagem,Crime Cibernético,Explosivos,2,3,57,8,1,Concluído
Furto,Imbiribeira,Assalto a Mão Armada,Arma de Fogo,4,3,39,6,1,Concluído
Roubo,Santo Amaro,Fraude Online,Arma de Fogo,0,1,30,2,1,Concluído
Estelionato,Afogados,Golpe Telefônico,Nenhum,2,4,15,5,1,Concluído
Ameaça,Graças,Arrombamento,Nenhum,3,2,36,1,0,Arquivado
Violência Doméstica,Imbiribeira,Uso de Arma de Fogo,Objeto Contundente,0,1,54,6,0,Arquivado
Roubo,Tamarineira,Golpe Telefônico,Faca,3,0,41,7,1,Concluído
Sequestro,Santo Amaro,Estupro Coletivo,Explosivos,4,3,59,2,0,Arquivado
Homicídio,Imbiribeira,Crime Cibernético,Objeto Contundente,1,2,23,6,0,Arquivado
Tráfico de Drogas,Pina,Fraude Online,Explosivos,2,0,53,0,0,Arquivado
Roubo,Tamarineira,Golpe Telefônico,Faca,2,1,55,7,1,Concluído
Furto,Imbiribeira,Fraude Online,Objeto Contundente,2,0,61,6,1,Concluído
Tráfico de Drogas,Graças,Assalto a Mão Armada,Nenhum,3,0,61,1,0,Arquivado
Estelionato,Boa Viagem,Golpe Telefônico,Arma de Fogo,3,3,36,8,1,Concluído
Homicídio,Casa Forte,Golpe Telefônico,Faca,3,0,14,2,0,Arquivado
Furto,Tamarineira,Estelionato Bancário,Faca,4,1,46,7,1,Concluído
Sequestro,Espinheiro,Crime Cibernético,Explosivos,1,2,35,3,1,Concluído
Sequestro,Boa Viagem,Crime Cibernético,Faca,3,0,34,8,1,Concluído
Latrocínio,Imbiribeira,Assalto a Mão Armada,Faca,4,3,40,6,1,Concluído
Latrocínio,Boa Viagem,Estelionato Bancário,Faca,0,3,65,8,0,Arquivado
Violência Doméstica,Afogados,Crime Cibernético,Explosivos,0,3,20,5,0,Arquivado
Furto,Boa Viagem,Invasão Residencial,Faca,1,4,46,8,1,Concluído
Violência Doméstica,Graças,Uso de Arma de Fogo,Nenhum,3,0,37,1,1,Concluído
Tráfico de Drogas,Espinheiro,Fraude Online,Faca,4,0,57,3,1,Concluído
Estelionato,Pina,Emboscada,Explosivos,3,1,20,0,0,Arquivado
Estelionato,Boa Viagem,Invasão Residencial,Arma de Fogo,4,0,29,8,1,Concluído
Latrocínio,Santo Amaro,Invasão Residencial,Objeto Contundente,4,2,16,2,1,Concluído
Latrocínio,Espinheiro,Arrombamento,Nenhum,1,4,29,3,1,Concluído
Estupro,Boa Viagem,Fraude Online,Faca,0,3,38,8,0,Arquivado
Homicídio,Casa Forte,Golpe Telefônico,Nenhum,1,4,64,2,0,Arquivado
Violência Doméstica,Imbiribeira,Fraude Online,Explosivos,0,2,34,6,0,Arquivado
Homicídio,Boa Viagem,Emboscada,Objeto Contundente,4,4,65,8,0,Arquivado
Roubo,Espinheiro,Arrombamento,Arma de Fogo,2,0,30,3,1,Concluído
Homicídio,Casa Forte,Assalto a Mão Armada,Arma de Fogo,3,2,39,2,1,Concluído
Estupro,Pina,Emboscada,Explosivos,0,2,17,0,1,Concluído
Sequestro,Espinheiro,Golpe Telefônico,Objeto Contundente,0,1,50,3,0,Arquivado
Estelionato,Graças,Invasão Residencial,Objeto Contundente,2,2,50,1,1,Concluído
Estelionato,Boa Viagem,Assalto a Mão Armada,Explosivos,1,2,65,8,1,Concluído
Estupro,Torre,Golpe Telefônico,Explosivos,0,3,40,4,1,Concluído
Tráfico de Drogas,Graças,Golpe Telefônico,Objeto Contundente,1,0,56,1,1,Concluído
Ameaça,Graças,Uso de Arma de Fogo,Nenhum,1,0,38,1,0,Arquivado
Ameaça,Imbiribeira,Crime Cibernético,Objeto Contundente,4,1,27,6,0,Arquivado
Latrocínio,Boa Viagem,Estelionato Bancário,Objeto Contundente,3,1,25,8,0,Arquivado
Tráfico de Drogas,Tamarineira,Arrombamento,Arma de Fogo,1,0,27,7,1,Concluído
Estelionato,Casa Forte,Arrombamento,Explosivos,2,4,59,2,1,Concluído
Roubo,Tamarineira,Fraude Online,Nenhum,1,2,46,7,1,Concluído
Latrocínio,Tamarineira,Golpe Telefônico,Nenhum,2,2,66,7,1,Concluído
Estelionato,Imbiribeira,Uso de Arma de Fogo,Objeto Contundente,1,0,31,6,0,Arquivado
Ameaça,Afogados,Estupro Coletivo,Explosivos,1,2,47,5,1,Concluído
Violência Doméstica,Torre,Assalto a Mão Armada,Explosivos,0,1,41,4,0,Arquivado
Estupro,Torre,Emboscada,Objeto Contundente,4,1,43,4,0,Arquivado
Sequestro,Tamarineira,Arrombamento,Nenhum,1,4,59,7,0,Arquivado
Roubo,Santo Amaro,Estelionato Bancário,Nenhum,4,1,31,2,1,Concluído
Estelionato,Casa Forte,Fraude Online,Arma de Fogo,4,0,54,2,0,Arquivado
Furto,Santo Amaro,Fraude Online,Objeto Contundente,3,4,67,2,0,Arquivado
Ameaça,Torre,Emboscada,Arma de Fogo,1,0,47,4,0,Arquivado
Ameaça,Torre,Emboscada,Faca,4,2,67,4,0,Arquivado
Homicídio,Imbiribeira,Arrombamento,Explosivos,1,1,64,6,0,Arquivado
Furto,Espinheiro,Crime Cibernético,Faca,3,4,59,3,1,Concluído
Latrocínio,Espinheiro,Estelionato Bancário,Nenhum,4,2,37,3,0,Arquivado
Roubo,Casa Forte,Emboscada,Objeto Contundente,0,4,20,2,0,Arquivado
Latrocínio,Santo Amaro,Fraude Online,Objeto Contundente,4,1,22,2,0,Arquivado
Homicídio,Boa Viagem,Assalto a Mão Armada,Objeto Contundente,3,2,58,8,0,Arquivado
Sequestro,Boa Viagem,Fraude Online,Explosivos,2,3,63,8,1,Concluído
Tráfico de Drogas,Graças,Invasão Residencial,Objeto Contundente,2,2,34,1,1,Concluído
Latrocínio,Espinheiro,Fraude Online,Arma de Fogo,4,1,25,3,1,Concluído
Sequestro,Afogados,Emboscada,Faca,3,4,34,5,1,Concluído
Estupro,Imbiribeira,Crime Cibernético,Explosivos,2,4,29,6,1,Concluído
Homicídio,Imbiribeira,Golpe Telefônico,Explosivos,0,0,44,6,1,Concluído
Sequestro,Santo Amaro,Golpe Telefônico,Explosivos,0,4,14,2,0,Arquivado
Furto,Afogados,Arrombamento,Explosivos,1,1,42,5,1,Concluído
Estelionato,Torre,Estelionato Bancário,Faca,3,0,23,4,1,Concluído
Estelionato,Graças,Crime Cibernético,Objeto Contundente,4,1,43,1,1,Concluído
Tráfico de Drogas,Tamarineira,Estelionato Bancário,Objeto Contundente,4,3,54,7,0,Arquivado
Homicídio,Espinheiro,Invasão Residencial,Objeto Contundente,2,2,68,3,0,Arquivado
Ameaça,Pina,Arrombamento,Arma de Fogo,2,4,52,0,0,Arquivado
Latrocínio,Casa Forte,Invasão Residencial,Arma de Fogo,3,0,34,2,0,Arquivado
Furto,Imbiribeira,Estelionato Bancário,Arma de Fogo,3,0,26,6,1,Concluído
Sequestro,Torre,Assalto a Mão Armada,Nenhum,4,3,37,4,0,Arquivado
Homicídio,Torre,Estupro Coletivo,Explosivos,2,1,63,4,0,Arquivado
Roubo,Tamarineira,Emboscada,Nenhum,2,4,19,7,1,Concluído
Tráfico de Drogas,Afogados,Crime Cibernético,Explosivos,4,0,50,5,0,Arquivado
Estupro,Casa Forte,Estupro Coletivo,Arma de Fogo,2,0,17,2,0,Arquivado
Tráfico de Drogas,Santo Amaro,Crime Cibernético,Nenhum,3,0,40,2,0,Arquivado
Homicídio,Afogados,Golpe Telefônico,Faca,0,1,15,5,1,Concluído
Roubo,Imbiribeira,Crime Cibernético,Explosivos,3,4,39,6,0,Arquivado
Sequestro,Torre,Estupro Coletivo,Objeto Contundente,2,1,65,4,0,Arquivado
Estelionato,Imbiribeira,Golpe Telefônico,Explosivos,3,1,58,6,1,Concluído
Estelionato,Casa Forte,Estupro Coletivo,Explosivos,0,3,45,2,0,Arquivado
Ameaça,Pina,Golpe Telefônico,Explosivos,0,2,35,0,0,Arquivado
Ameaça,Santo Amaro,Crime Cibernético,Objeto Contundente,0,0,26,2,1,Concluído
Estelionato,Afogados,Emboscada,Objeto Contundente,2,4,63,5,0,Arquivado
Sequestro,Afogados,Estupro Coletivo,Faca,3,0,26,5,1,Concluído
Violência Doméstica,Graças,Fraude Online,Objeto Contundente,2,2,61,1,1,Concluído
Furto,Boa Viagem,Estupro Coletivo,Faca,4,4,46,8,1,Concluído
Homicídio,Tamarineira,Estupro Coletivo,Faca,4,2,28,7,1,Concluído
Ameaça,Santo Amaro,Estupro Coletivo,Faca,4,2,41,2,1,Concluído
Ameaça,Afogados,Fraude Online,Arma de Fogo,2,2,14,5,1,Concluído
Ameaça,Afogados,Invasão Residencial,Explosivos,3,4,15,5,1,Concluído
Furto,Graças,Estupro Coletivo,Objeto Contundente,2,3,55,1,1,Concluído
Latrocínio,Afogados,Invasão Residencial,Objeto Contundente,0,0,27,5,0,Arquivado
Estupro,Espinheiro,Arrombamento,Nenhum,1,4,63,3,0,Arquivado
Estupro,Espinheiro,Assalto a Mão Armada,Nenhum,2,3,16,3,1,Concluído
Tráfico de Drogas,Graças,Assalto a Mão Armada,Explosivos,4,3,43,1,0,Arquivado
Roubo,Espinheiro,Fraude Online,Explosivos,1,1,41,3,0,Arquivado
Ameaça,Santo Amaro,Uso de Arma de Fogo,Nenhum,4,4,60,2,0,Arquivado
Homicídio,Santo Amaro,Estupro Coletivo,Faca,1,2,61,2,1,Concluído
Estelionato,Santo Amaro,Uso de Arma de Fogo,Arma de Fogo,3,3,54,2,1,Concluído
Violência Doméstica,Pina,Uso de Arma de Fogo,Objeto Contundente,0,2,24,0,1,Concluído
Ameaça,Boa Viagem,Golpe Telefônico,Explosivos,0,0,29,8,1,Concluído
Estupro,Espinheiro,Estelionato Bancário,Explosivos,3,4,18,3,0,Arquivado
Tráfico de Drogas,Imbiribeira,Arrombamento,Faca,4,3,41,6,0,Arquivado
Homicídio,Torre,Emboscada,Arma de Fogo,2,1,51,4,0,Arquivado
Violência Doméstica,Casa Forte,Estelionato Bancário,Explosivos,1,3,55,2,0,Arquivado
Estelionato,Pina,Crime Cibernético,Objeto Contundente,2,1,45,0,0,Arquivado
Tráfico de Drogas,Espinheiro,Fraude Online,Arma de Fogo,2,3,32,3,1,Concluído
Estelionato,Espinheiro,Assalto a Mão Armada,Arma de Fogo,2,1,15,3,0,Arquivado
Roubo,Tamarineira,Estelionato Bancário,Objeto Contundente,2,0,57,7,1,Concluído
Sequestro,Torre,Estelionato Bancário,Nenhum,0,2,65,4,0,Arquivado
Ameaça,Santo Amaro,Emboscada,Explosivos,4,1,69,2,0,Arquivado
Ameaça,Espinheiro,Golpe Telefônico,Objeto Contundente,1,1,24,3,0,Arquivado
Violência Doméstica,Tamarineira,Golpe Telefônico,Nenhum,3,2,38,7,1,Concluído
Violência Doméstica,Boa Viagem,Invasão Residencial,Faca,3,3,21,8,1,Concluído
Furto,Boa Viagem,Assalto a Mão Armada,Nenhum,3,0,54,8,1,Concluído
Tráfico de Drogas,Pina,Emboscada,Nenhum,3,4,64,0,1,Concluído
Roubo,Pina,Fraude Online,Arma de Fogo,2,2,43,0,0,Arquivado
Tráfico de Drogas,Pina,Crime Cibernético,Objeto Contundente,4,2,60,0,0,Arquivado
Furto,Graças,Fraude Online,Nenhum,2,1,55,1,1,Concluído
Roubo,Torre,Assalto a Mão Armada,Arma de Fogo,0,3,22,4,1,Concluído
Violência Doméstica,Tamarineira,Invasão Residencial,Objeto Contundente,0,0,19,7,0,Arquivado
Estelionato,Santo Amaro,Uso de Arma de Fogo,Faca,1,1,66,2,1,Concluído
Latrocínio,Espinheiro,Emboscada,Objeto Contundente,4,1,41,3,1,Concluído
Estelionato,Santo Amaro,Fraude Online,Nenhum,4,4,14,2,0,Arquivado
Homicídio,Santo Amaro,Fraude Online,Faca,2,2,69,2,0,Arquivado
Estupro,Casa Forte,Uso de Arma de Fogo,Explosivos,4,0,60,2,0,Arquivado
Tráfico de Drogas,Torre,Crime Cibernético,Faca,1,4,26,4,1,Concluído
Violência Doméstica,Tamarineira,Golpe Telefônico,Objeto Contundente,4,4,27,7,1,Concluído
Tráfico de Drogas,Imbiribeira,Arrombamento,Nenhum,4,3,42,6,1,Concluído
Furto,Pina,Invasão Residencial,Faca,2,3,42,0,1,Concluído
Estelionato,Imbiribeira,Assalto a Mão Armada,Faca,0,0,53,6,1,Concluído
Tráfico de Drogas,Tamarineira,Invasão Residencial,Explosivos,3,3,20,7,0,Arquivado
Violência Doméstica,Torre,Fraude Online,Arma de Fogo,1,4,27,4,1,Concluído
Estelionato,Pina,Emboscada,Nenhum,4,3,27,0,1,Concluído
Tráfico de Drogas,Graças,Estelionato Bancário,Nenhum,2,1,62,1,1,Concluído
Estupro,Espinheiro,Estelionato Bancário,Explosivos,3,3,56,3,0,Arquivado
Roubo,Santo Amaro,Estupro Coletivo,Arma de Fogo,2,4,52,2,0,Arquivado
Furto,Afogados,Invasão Residencial,Nenhum,3,0,53,5,0,Arquivado
Tráfico de Drogas,Espinheiro,Emboscada,Faca,0,4,21,3,1,Concluído
Estelionato,Boa Viagem,Assalto a Mão Armada,Objeto Contundente,1,0,36,8,1,Concluído
Ameaça,Tamarineira,Estupro Coletivo,Explosivos,3,4,57,7,1,Concluído
Sequestro,Afogados,Fraude Online,Faca,0,3,50,5,0,Arquivado
Tráfico de Drogas,Tamarineira,Uso de Arma de Fogo,Objeto Contundente,0,2,21,7,1,Concluído
Violência Doméstica,Espinheiro,Fraude Online,Arma de Fogo,0,1,67,3,1,Concluído
Violência Doméstica,Santo Amaro,Fraude Online,Explosivos,3,2,47,2,0,Arquivado
Violência Doméstica,Santo Amaro,Arrombamento,Arma de Fogo,0,1,22,2,1,Concluído
Estelionato,Boa Viagem,Fraude Online,Explosivos,2,3,15,8,0,Arquivado
Estupro,Graças,Estelionato Bancário,Explosivos,4,1,49,1,0,Arquivado
Estelionato,Tamarineira,Crime Cibernético,Explosivos,3,0,27,7,0,Arquivado
Estelionato,Espinheiro,Golpe Telefônico,Nenhum,2,3,69,3,1,Concluído
Furto,Graças,Golpe Telefônico,Arma de Fogo,2,4,21,1,0,Arquivado
Roubo,Casa Forte,Estupro Coletivo,Nenhum,2,3,64,2,1,Concluído
Roubo,Afogados,Fraude Online,Faca,3,3,26,5,1,Concluído
Latrocínio,Afogados,Fraude Online,Faca,4,3,36,5,1,Concluído
Homicídio,Pina,Golpe Telefônico,Nenhum,4,0,36,0,1,Concluído
Homicídio,Pina,Estupro Coletivo,Arma de Fogo,2,1,62,0,1,Concluído
Ameaça,Casa Forte,Fraude Online,Objeto Contundente,3,2,47,2,0,Arquivado
Homicídio,Torre,Emboscada,Faca,1,4,39,4,0,Arquivado
Roubo,Boa Viagem,Crime Cibernético,Objeto Contundente,0,0,52,8,1,Concluído
Tráfico de Drogas,Imbiribeira,Emboscada,Objeto Contundente,2,1,26,6,0,Arquivado
Sequestro,Boa Viagem,Assalto a Mão Armada,Nenhum,0,4,43,8,0,Arquivado
Ameaça,Pina,Invasão Residencial,Arma de Fogo,0,1,54,0,0,Arquivado
Homicídio,Imbiribeira,Estelionato Bancário,Arma de Fogo,1,0,17,6,1,Concluído
Tráfico de Drogas,Santo Amaro,Estupro Coletivo,Objeto Contundente,3,3,36,2,0,Arquivado
Homicídio,Afogados,Fraude Online,Nenhum,2,4,48,5,0,Arquivado
Ameaça,Casa Forte,Invasão Residencial,Arma de Fogo,2,2,52,2,1,Concluído
Latrocínio,Torre,Estupro Coletivo,Arma de Fogo,3,1,68,4,0,Arquivado
Homicídio,Tamarineira,Estupro Coletivo,Objeto Contundente,1,1,22,7,0,Arquivado
Furto,Espinheiro,Uso de Arma de Fogo,Objeto Contundente,3,2,47,3,0,Arquivado
Estupro,Imbiribeira,Invasão Residencial,Explosivos,3,2,56,6,0,Arquivado
Homicídio,Boa Viagem,Crime Cibernético,Arma de Fogo,2,1,36,8,0,Arquivado
Roubo,Graças,Fraude Online,Objeto Contundente,1,2,17,1,1,Concluído
Latrocínio,Torre,Assalto a Mão Armada,Faca,0,3,24,4,0,Arquivado
Tráfico de Drogas,Boa Viagem,Estelionato Bancário,Explosivos,3,0,16,8,0,Arquivado
Sequestro,Boa Viagem,Estelionato Bancário,Arma de Fogo,2,3,25,8,0,Arquivado
Estupro,Torre,Golpe Telefônico,Arma de Fogo,3,0,23,4,1,Concluído
Latrocínio,Santo Amaro,Crime Cibernético,Explosivos,0,0,19,2,0,Arquivado
Latrocínio,Tamarineira,Estupro Coletivo,Nenhum,0,2,57,7,0,Arquivado
Ameaça,Santo Amaro,Crime Cibernético,Explosivos,4,2,42,2,1,Concluído
Tráfico de Drogas,Afogados,Estupro Coletivo,Nenhum,3,0,16,5,0,Arquivado
Violência Doméstica,Santo Amaro,Uso de Arma de Fogo,Nenhum,1,2,43,2,1,Concluído
Sequestro,Graças,Estupro Coletivo,Faca,3,1,29,1,0,Arquivado
Furto,Santo Amaro,Uso de Arma de Fogo,Nenhum,2,4,63,2,1,Concluído
Homicídio,Torre,Invasão Residencial,Nenhum,0,1,64,4,1,Concluído
Estupro,Graças,Invasão Residencial,Faca,1,1,15,1,1,Concluído
Roubo,Imbiribeira,Estelionato Bancário,Arma de Fogo,2,4,31,6,0,Arquivado
Ameaça,Imbiribeira,Golpe Telefônico,Arma de Fogo,3,1,43,6,1,Concluído
Tráfico de Drogas,Pina,Arrombamento,Explosivos,1,1,53,0,0,Arquivado
Furto,Imbiribeira,Fraude Online,Explosivos,0,2,43,6,1,Concluído
Estelionato,Imbiribeira,Emboscada,Explosivos,1,3,58,6,1,Concluído
Estupro,Boa Viagem,Assalto a Mão Armada,Faca,4,2,66,8,0,Arquivado
Estupro,Torre,Invasão Residencial,Objeto Contundente,4,2,57,4,1,Concluído
Homicídio,Santo Amaro,Uso de Arma de Fogo,Explosivos,2,4,54,2,1,Concluído
Tráfico de Drogas,Graças,Emboscada,Faca,3,3,63,1,0,Arquivado
Ameaça,Graças,Assalto a Mão Armada,Explosivos,1,1,68,1,1,Concluído
Ameaça,Boa Viagem,Invasão Residencial,Objeto Contundente,1,2,69,8,1,Concluído
Furto,Boa Viagem,Estelionato Bancário,Objeto Contundente,4,0,65,8,0,Arquivado
Latrocínio,Pina,Fraude Online,Arma de Fogo,3,3,63,0,1,Concluído
Ameaça,Tamarineira,Fraude Online,Arma de Fogo,4,0,63,7,1,Concluído
Furto,Afogados,Uso de Arma de Fogo,Explosivos,0,4,47,5,1,Concluído
Ameaça,Espinheiro,Emboscada,Explosivos,1,0,53,3,0,Arquivado
Estupro,Graças,Crime Cibernético,Explosivos,2,2,33,1,1,Concluído
Homicídio,Tamarineira,Uso de Arma de Fogo,Faca,2,3,64,7,1,Concluído
Homicídio,Tamarineira,Invasão Residencial,Explosivos,4,1,60,7,0,Arquivado
Violência Doméstica,Imbiribeira,Fraude Online,Faca,3,3,41,6,1,Concluído
Latrocínio,Boa Viagem,Invasão Residencial,Nenhum,3,0,26,8,0,Arquivado
Estelionato,Boa Viagem,Estelionato Bancário,Objeto Contundente,3,0,32,8,1,Concluído
Latrocínio,Imbiribeira,Golpe Telefônico,Arma de Fogo,0,4,30,6,1,Concluído
Estupro,Espinheiro,Emboscada,Objeto Contundente,4,4,63,3,1,Concluído
Roubo,Afogados,Assalto a Mão Armada,Objeto Contundente,2,1,16,5,0,Arquivado
Violência Doméstica,Torre,Crime Cibernético,Explosivos,3,3,36,4,0,Arquivado
Tráfico de Drogas,Afogados,Arrombamento,Arma de Fogo,1,2,34,5,0,Arquivado
Violência Doméstica,Pina,Emboscada,Faca,0,3,15,0,0,Arquivado
Homicídio,Santo Amaro,Estelionato Bancário,Arma de Fogo,2,4,64,2,0,Arquivado
Estelionato,Afogados,Invasão Residencial,Faca,3,4,59,5,0,Arquivado
Tráfico de Drogas,Santo Amaro,Golpe Telefônico,Objeto Contundente,1,4,68,2,0,Arquivado
Homicídio,Graças,Uso de Arma de Fogo,Explosivos,0,2,56,1,1,Concluído
Homicídio,Torre,Crime Cibernético,Faca,0,4,16,4,1,Concluído
Tráfico de Drogas,Torre,Golpe Telefônico,Nenhum,3,1,69,4,1,Concluído
Estupro,Torre,Uso de Arma de Fogo,Objeto Contundente,1,2,61,4,1,Concluído
Latrocínio,Espinheiro,Estelionato Bancário,Faca,0,1,57,3,0,Arquivado
Tráfico de Drogas,Boa Viagem,Estupro Coletivo,Objeto Contundente,3,3,50,8,0,Arquivado
Furto,Casa Forte,Invasão Residencial,Arma de Fogo,1,3,34,2,0,Arquivado
Roubo,Afogados,Uso de Arma de Fogo,Nenhum,2,3,22,5,0,Arquivado
Latrocínio,Imbiribeira,Estupro Coletivo,Explosivos,2,4,51,6,0,Arquivado
Violência Doméstica,Boa Viagem,Arrombamento,Arma de Fogo,3,3,59,8,1,Concluído
Tráfico de Drogas,Torre,Uso de Arma de Fogo,Nenhum,2,0,48,4,0,Arquivado
Latrocínio,Imbiribeira,Emboscada,Arma de Fogo,0,3,16,6,1,Concluído
Ameaça,Imbiribeira,Invasão Residencial,Faca,1,2,38,6,0,Arquivado
Violência Doméstica,Graças,Crime Cibernético,Arma de Fogo,2,2,59,1,0,Arquivado
Estelionato,Tamarineira,Estelionato Bancário,Nenhum,0,4,27,7,1,Concluído
Furto,Graças,Assalto a Mão Armada,Arma de Fogo,3,2,69,1,1,Concluído
Furto,Casa Forte,Emboscada,Objeto Contundente,1,3,33,2,1,Concluído
Violência Doméstica,Santo Amaro,Emboscada,Explosivos,4,0,68,2,0,Arquivado
Estupro,Tamarineira,Fraude Online,Arma de Fogo,1,2,61,7,1,Concluído
Ameaça,Pina,Assalto a Mão Armada,Objeto Contundente,3,4,59,0,0,Arquivado
Tráfico de Drogas,Casa Forte,Emboscada,Objeto Contundente,2,4,55,2,1,Concluído
Roubo,Torre,Estupro Coletivo,Faca,2,3,52,4,1,Concluído
Furto,Afogados,Estelionato Bancário,Nenhum,3,0,30,5,0,Arquivado
Homicídio,Torre,Estelionato Bancário,Explosivos,0,4,51,4,0,Arquivado
Latrocínio,Afogados,Estupro Coletivo,Arma de Fogo,4,0,45,5,0,Arquivado
Roubo,Casa Forte,Arrombamento,Arma de Fogo,2,4,14,2,0,Arquivado
Roubo,Pina,Invasão Residencial,Faca,3,3,37,0,0,Arquivado
Furto,Graças,Crime Cibernético,Objeto Contundente,0,2,52,1,0,Arquivado
Roubo,Casa Forte,Crime Cibernético,Faca,1,2,23,2,1,Concluído
Homicídio,Torre,Crime Cibernético,Explosivos,0,2,46,4,0,Arquivado
Furto,Tamarineira,Crime Cibernético,Nenhum,0,2,58,7,0,Arquivado
Estupro,Imbiribeira,Estelionato Bancário,Nenhum,3,1,49,6,1,Concluído
Furto,Tamarineira,Fraude Online,Explosivos,4,4,64,7,0,Arquivado
Sequestro,Imbiribeira,Estelionato Bancário,Objeto Contundente,2,0,63,6,0,Arquivado
Sequestro,Imbiribeira,Golpe Telefônico,Faca,0,3,27,6,0,Arquivado
Estupro,Afogados,Arrombamento,Explosivos,1,0,36,5,1,Concluído
Estelionato,Tamarineira,Golpe Telefônico,Nenhum,1,0,19,7,1,Concluído
Furto,Torre,Estupro Coletivo,Explosivos,0,4,65,4,0,Arquivado
Ameaça,Imbiribeira,Fraude Online,Faca,1,4,31,6,0,Arquivado
Homicídio,Espinheiro,Emboscada,Objeto Contundente,1,2,44,3,1,Concluído
Estupro,Graças,Estupro Coletivo,Nenhum,2,1,21,1,1,Concluído
Estelionato,Imbiribeira,Assalto a Mão Armada,Explosivos,4,0,58,6,0,Arquivado
Latrocínio,Torre,Emboscada,Arma de Fogo,2,3,23,4,1,Concluído
Roubo,Pina,Invasão Residencial,Nenhum,4,0,19,0,1,Concluído
Violência Doméstica,Casa Forte,Assalto a Mão Armada,Faca,1,2,46,2,1,Concluído
Ameaça,Espinheiro,Estelionato Bancário,Explosivos,3,2,61,3,0,Arquivado
Latrocínio,Espinheiro,Estelionato Bancário,Faca,0,1,66,3,0,Arquivado
Estupro,Graças,Fraude Online,Arma de Fogo,2,1,27,1,1,Concluído
Sequestro,Boa Viagem,Assalto a Mão Armada,Explosivos,0,3,33,8,0,Arquivado
Furto,Santo Amaro,Fraude Online,Arma de Fogo,4,3,69,2,1,Concluído
Latrocínio,Graças,Arrombamento,Nenhum,0,4,27,1,0,Arquivado
Estupro,Casa Forte,Fraude Online,Nenhum,4,4,58,2,1,Concluído
Latrocínio,Imbiribeira,Emboscada,Objeto Contundente,1,3,51,6,0,Arquivado
Homicídio,Tamarineira,Invasão Residencial,Arma de Fogo,1,4,56,7,1,Concluído
Ameaça,Imbiribeira,Golpe Telefônico,Faca,2,4,64,6,1,Concluído
Estupro,Boa Viagem,Crime Cibernético,Arma de Fogo,1,3,60,8,1,Concluído
Estelionato,Graças,Invasão Residencial,Faca,4,1,65,1,0,Arquivado
Estupro,Tamarineira,Estupro Coletivo,Explosivos,2,2,23,7,0,Arquivado
Furto,Pina,Arrombamento,Nenhum,3,0,39,0,1,Concluído
Homicídio,Espinheiro,Estelionato Bancário,Objeto Contundente,0,0,27,3,1,Concluído
Homicídio,Casa Forte,Estupro Coletivo,Arma de Fogo,0,3,29,2,1,Concluído
Latrocínio,Graças,Golpe Telefônico,Nenhum,1,0,50,1,1,Concluído
Violência Doméstica,Afogados,Fraude Online,Faca,4,4,65,5,1,Concluído
Latrocínio,Imbiribeira,Assalto a Mão Armada,Faca,1,3,43,6,1,Concluído
Homicídio,Afogados,Invasão Residencial,Explosivos,3,4,23,5,0,Arquivado
Estelionato,Tamarineira,Emboscada,Objeto Contundente,1,1,68,7,0,Arquivado
Tráfico de Drogas,Tamarineira,Fraude Online,Arma de Fogo,3,1,37,7,0,Arquivado
Furto,Imbiribeira,Emboscada,Explosivos,2,2,69,6,0,Arquivado
Estelionato,Casa Forte,Estelionato Bancário,Faca,0,1,32,2,0,Arquivado
Tráfico de Drogas,Afogados,Estupro Coletivo,Objeto Contundente,2,3,29,5,1,Concluído
Violência Doméstica,Casa Forte,Assalto a Mão Armada,Faca,3,1,44,2,0,Arquivado
Ameaça,Casa Forte,Uso de Arma de Fogo,Explosivos,3,1,51,2,0,Arquivado
Homicídio,Imbiribeira,Estupro Coletivo,Nenhum,1,1,20,6,1,Concluído
Violência Doméstica,Afogados,Emboscada,Explosivos,3,0,59,5,1,Concluído
Estelionato,Casa Forte,Crime Cibernético,Faca,2,4,55,2,0,Arquivado
Tráfico de Drogas,Pina,Estelionato Bancário,Objeto Contundente,3,3,41,0,1,Concluído
Ameaça,Tamarineira,Crime Cibernético,Nenhum,1,0,18,7,0,Arquivado
Furto,Imbiribeira,Estupro Coletivo,Faca,0,3,35,6,0,Arquivado
Ameaça,Santo Amaro,Estelionato Bancário,Arma de Fogo,1,3,52,2,1,Concluído
Furto,Pina,Invasão Residencial,Objeto Contundente,3,0,30,0,0,Arquivado
Furto,Tamarineira,Invasão Residencial,Explosivos,1,4,56,7,0,Arquivado
Furto,Espinheiro,Assalto a Mão Armada,Arma de Fogo,3,2,22,3,1,Concluído
Estelionato,Torre,Crime Cibernético,Explosivos,0,0,60,4,0,Arquivado
Homicídio,Imbiribeira,Crime Cibernético,Faca,1,1,45,6,1,Concluído
Violência Doméstica,Casa Forte,Crime Cibernético,Objeto Contundente,0,3,55,2,0,Arquivado
Estupro,Graças,Uso de Arma de Fogo,Explosivos,1,3,57,1,0,Arquivado
Homicídio,Imbiribeira,Assalto a Mão Armada,Nenhum,3,3,48,6,1,Concluído
Homicídio,Afogados,Fraude Online,Faca,1,3,31,5,0,Arquivado
Furto,Casa Forte,Crime Cibernético,Explosivos,4,4,32,2,1,Concluído
Homicídio,Imbiribeira,Emboscada,Objeto Contundente,4,2,45,6,0,Arquivado
Ameaça,Afogados,Estelionato Bancário,Faca,1,1,17,5,0,Arquivado
Homicídio,Afogados,Invasão Residencial,Objeto Contundente,4,2,59,5,1,Concluído
Sequestro,Santo Amaro,Fraude Online,Faca,1,2,33,2,1,Concluído
Violência Doméstica,Casa Forte,Estupro Coletivo,Faca,3,0,53,2,1,Concluído
Sequestro,Casa Forte,Uso de Arma de Fogo,Nenhum,2,1,33,2,1,Concluído
Latrocínio,Casa Forte,Fraude Online,Objeto Contundente,1,4,61,2,1,Concluído
Estelionato,Casa Forte,Assalto a Mão Armada,Faca,4,3,67,2,1,Concluído
Furto,Santo Amaro,Fraude Online,Nenhum,4,2,39,2,1,Concluído
Estupro,Graças,Emboscada,Nenhum,2,1,30,1,0,Arquivado
Homicídio,Pina,Invasão Residencial,Objeto Contundente,3,3,24,0,0,Arquivado
Furto,Torre,Crime Cibernético,Nenhum,3,2,46,4,0,Arquivado
Homicídio,Torre,Emboscada,Explosivos,0,2,15,4,1,Concluído
Estelionato,Espinheiro,Uso de Arma de Fogo,Nenhum,2,3,61,3,1,Concluído
Estupro,Casa Forte,Crime Cibernético,Arma de Fogo,0,0,38,2,0,Arquivado
Estelionato,Boa Viagem,Estupro Coletivo,Objeto Contundente,2,3,53,8,0,Arquivado
Ameaça,Imbiribeira,Invasão Residencial,Faca,2,0,26,6,1,Concluído
Roubo,Imbiribeira,Fraude Online,Arma de Fogo,3,2,59,6,0,Arquivado
Tráfico de Drogas,Afogados,Uso de Arma de Fogo,Objeto Contundente,0,1,62,5,1,Concluído
Latrocínio,Boa Viagem,Uso de Arma de Fogo,Objeto Contundente,3,1,46,8,0,Arquivado
Tráfico de Drogas,Casa Forte,Estupro Coletivo,Arma de Fogo,4,4,64,2,1,Concluído
Ameaça,Imbiribeira,Crime Cibernético,Faca,2,2,19,6,0,Arquivado
Homicídio,Casa Forte,Emboscada,Objeto Contundente,1,0,30,2,1,Concluído
Roubo,Imbiribeira,Uso de Arma de Fogo,Objeto Contundente,2,3,63,6,0,Arquivado
Roubo,Casa Forte,Arrombamento,Objeto Contundente,4,3,29,2,1,Concluído
Furto,Pina,Arrombamento,Arma de Fogo,2,1,17,0,0,Arquivado
Sequestro,Espinheiro,Crime Cibernético,Explosivos,4,2,41,3,0,Arquivado
Furto,Espinheiro,Arrombamento,Explosivos,3,4,16,3,0,Arquivado
Latrocínio,Boa Viagem,Crime Cibernético,Explosivos,4,2,25,8,0,Arquivado
Tráfico de Drogas,Tamarineira,Fraude Online,Arma de Fogo,1,1,27,7,0,Arquivado
Homicídio,Casa Forte,Estelionato Bancário,Explosivos,1,0,29,2,1,Concluído
Violência Doméstica,Pina,Arrombamento,Objeto Contundente,0,2,29,0,0,Arquivado
Estupro,Santo Amaro,Crime Cibernético,Explosivos,1,2,37,2,1,Concluído
Estupro,Imbiribeira,Assalto a Mão Armada,Arma de Fogo,4,2,67,6,1,Concluído
Violência Doméstica,Pina,Arrombamento,Explosivos,2,3,53,0,1,Concluído
Tráfico de Drogas,Imbiribeira,Golpe Telefônico,Nenhum,0,0,62,6,0,Arquivado
Furto,Casa Forte,Arrombamento,Objeto Contundente,1,2,60,2,1,Concluído
Sequestro,Boa Viagem,Estupro Coletivo,Explosivos,4,4,47,8,1,Concluído
Latrocínio,Tamarineira,Uso de Arma de Fogo,Arma de Fogo,3,3,38,7,0,Arquivado
Estupro,Imbiribeira,Estupro Coletivo,Arma de Fogo,1,1,20,6,1,Concluído
Ameaça,Boa Viagem,Fraude Online,Objeto Contundente,2,4,20,8,0,Arquivado
Homicídio,Graças,Crime Cibernético,Objeto Contundente,2,0,31,1,1,Concluído
Violência Doméstica,Torre,Golpe Telefônico,Faca,0,3,56,4,0,Arquivado
Sequestro,Imbiribeira,Uso de Arma de Fogo,Explosivos,3,1,27,6,1,Concluído
Furto,Casa Forte,Invasão Residencial,Arma de Fogo,1,4,42,2,1,Concluído
Estupro,Imbiribeira,Assalto a Mão Armada,Faca,1,2,21,6,1,Concluído
Ameaça,Santo Amaro,Arrombamento,Arma de Fogo,4,0,27,2,0,Arquivado
Roubo,Pina,Fraude Online,Objeto Contundente,1,0,16,0,1,Concluído
Violência Doméstica,Tamarineira,Emboscada,Faca,1,0,38,7,1,Concluído
Estelionato,Pina,Crime Cibernético,Explosivos,1,0,55,0,1,Concluído
Estupro,Graças,Assalto a Mão Armada,Arma de Fogo,3,2,60,1,0,Arquivado
Latrocínio,Torre,Golpe Telefônico,Faca,3,1,65,4,1,Concluído
Latrocínio,Santo Amaro,Assalto a Mão Armada,Nenhum,3,2,41,2,0,Arquivado
Roubo,Casa Forte,Uso de Arma de Fogo,Nenhum,0,4,27,2,1,Concluído
Roubo,Graças,Emboscada,Nenhum,0,4,40,1,0,Arquivado
Estupro,Santo Amaro,Crime Cibernético,Faca,0,3,60,2,1,Concluído
Homicídio,Graças,Uso de Arma de Fogo,Nenhum,2,1,28,1,1,Concluído
Tráfico de Drogas,Tamarineira,Estupro Coletivo,Faca,0,4,41,7,0,Arquivado
Furto,Tamarineira,Arrombamento,Arma de Fogo,2,0,19,7,0,Arquivado
Sequestro,Graças,Assalto a Mão Armada,Explosivos,3,0,34,1,1,Concluído
Sequestro,Tamarineira,Arrombamento,Nenhum,2,1,20,7,1,Concluído
Ameaça,Imbiribeira,Estelionato Bancário,Nenhum,3,0,38,6,0,Arquivado
Violência Doméstica,Casa Forte,Fraude Online,Explosivos,4,2,19,2,0,Arquivado
Estelionato,Afogados,Golpe Telefônico,Explosivos,3,2,19,5,0,Arquivado
Tráfico de Drogas,Pina,Estelionato Bancário,Nenhum,3,0,49,0,1,Concluído
Tráfico de Drogas,Boa Viagem,Invasão Residencial,Faca,4,1,58,8,1,Concluído
Sequestro,Santo Amaro,Invasão Residencial,Arma de Fogo,0,4,65,2,1,Concluído
Estelionato,Imbiribeira,Arrombamento,Objeto Contundente,2,0,28,6,0,Arquivado
Tráfico de Drogas,Graças,Estupro Coletivo,Arma de Fogo,2,3,34,1,1,Concluído
Sequestro,Boa Viagem,Emboscada,Faca,3,0,50,8,0,Arquivado
Tráfico de Drogas,Santo Amaro,Golpe Telefônico,Objeto Contundente,0,1,18,2,1,Concluído
Ameaça,Espinheiro,Arrombamento,Nenhum,3,4,46,3,0,Arquivado
Ameaça,Boa Viagem,Fraude Online,Explosivos,0,2,59,8,0,Arquivado
Violência Doméstica,Casa Forte,Crime Cibernético,Arma de Fogo,0,1,65,2,0,Arquivado
Furto,Tamarineira,Fraude Online,Arma de Fogo,3,1,43,7,0,Arquivado
Sequestro,Afogados,Estupro Coletivo,Nenhum,1,0,23,5,0,Arquivado
Tráfico de Drogas,Espinheiro,Golpe Telefônico,Faca,1,4,69,3,0,Arquivado
Homicídio,Espinheiro,Uso de Arma de Fogo,Objeto Contundente,0,2,37,3,0,Arquivado
Violência Doméstica,Graças,Estupro Coletivo,Explosivos,0,1,15,1,1,Concluído
Roubo,Espinheiro,Invasão Residencial,Faca,2,0,56,3,0,Arquivado
Estupro,Torre,Crime Cibernético,Nenhum,3,4,41,4,1,Concluído
Roubo,Pina,Crime Cibernético,Explosivos,1,4,17,0,0,Arquivado
Homicídio,Tamarineira,Uso de Arma de Fogo,Arma de Fogo,1,1,40,7,0,Arquivado
Ameaça,Pina,Golpe Telefônico,Nenhum,4,0,14,0,0,Arquivado
Ameaça,Pina,Golpe Telefônico,Objeto Contundente,1,2,46,0,0,Arquivado
Furto,Imbiribeira,Crime Cibernético,Objeto Contundente,3,4,36,6,0,Arquivado
Furto,Imbiribeira,Invasão Residencial,Nenhum,4,2,35,6,0,Arquivado
Roubo,Boa Viagem,Assalto a Mão Armada,Objeto Contundente,0,2,53,8,1,Concluído
Estelionato,Torre,Golpe Telefônico,Explosivos,1,0,69,4,0,Arquivado
Estelionato,Imbiribeira,Assalto a Mão Armada,Objeto Contundente,2,0,38,6,1,Concluído
Estupro,Afogados,Invasão Residencial,Explosivos,2,2,42,5,0,Arquivado
Tráfico de Drogas,Afogados,Golpe Telefônico,Explosivos,1,0,57,5,1,Concluído
Tráfico de Drogas,Santo Amaro,Emboscada,Faca,0,1,55,2,1,Concluído
Estupro,Tamarineira,Arrombamento,Objeto Contundente,1,1,52,7,1,Concluído
Ameaça,Tamarineira,Invasão Residencial,Arma de Fogo,0,3,69,7,1,Concluído
Violência Doméstica,Tamarineira,Golpe Telefônico,Arma de Fogo,3,2,28,7,0,Arquivado
Tráfico de Drogas,Casa Forte,Invasão Residencial,Objeto Contundente,0,3,33,2,0,Arquivado
Estelionato,Pina,Arrombamento,Faca,3,4,47,0,1,Concluído
Homicídio,Graças,Crime Cibernético,Arma de Fogo,0,2,44,1,0,Arquivado
Estupro,Santo Amaro,Crime Cibernético,Faca,4,1,30,2,1,Concluído
Latrocínio,Pina,Crime Cibernético,Arma de Fogo,2,0,68,0,0,Arquivado
Tráfico de Drogas,Pina,Invasão Residencial,Arma de Fogo,4,4,38,0,0,Arquivado
Ameaça,Santo Amaro,Assalto a Mão Armada,Nenhum,3,4,50,2,0,Arquivado
Tráfico de Drogas,Imbiribeira,Estelionato Bancário,Explosivos,1,4,52,6,1,Concluído
Violência Doméstica,Santo Amaro,Assalto a Mão Armada,Arma de Fogo,2,3,38,2,0,Arquivado
Tráfico de Drogas,Graças,Fraude Online,Objeto Contundente,3,0,61,1,0,Arquivado
Sequestro,Santo Amaro,Emboscada,Nenhum,1,2,38,2,1,Concluído
Latrocínio,Tamarineira,Golpe Telefônico,Explosivos,0,1,55,7,0,Arquivado
Furto,Espinheiro,Fraude Online,Explosivos,3,0,65,3,1,Concluído
Estupro,Tamarineira,Estelionato Bancário,Nenhum,3,3,39,7,0,Arquivado
Violência Doméstica,Afogados,Arrombamento,Arma de Fogo,3,0,31,5,1,Concluído
Roubo,Pina,Assalto a Mão Armada,Explosivos,3,2,43,0,0,Arquivado
Estupro,Boa Viagem,Invasão Residencial,Arma de Fogo,3,3,63,8,1,Concluído
Sequestro,Afogados,Invasão Residencial,Objeto Contundente,2,1,41,5,1,Concluído
Roubo,Pina,Fraude Online,Nenhum,2,0,21,0,0,Arquivado
Estelionato,Tamarineira,Invasão Residencial,Nenhum,2,2,65,7,0,Arquivado
Homicídio,Espinheiro,Assalto a Mão Armada,Faca,3,2,36,3,1,Concluído
Roubo,Tamarineira,Uso de Arma de Fogo,Objeto Contundente,2,0,65,7,1,Concluído
Roubo,Afogados,Golpe Telefônico,Objeto Contundente,3,2,29,5,0,Arquivado
Estupro,Pina,Assalto a Mão Armada,Faca,0,1,19,0,1,Concluído
Furto,Graças,Estelionato Bancário,Objeto Contundente,2,2,33,1,0,Arquivado
Violência Doméstica,Graças,Assalto a Mão Armada,Nenhum,1,0,59,1,1,Concluído
Estelionato,Casa Forte,Uso de Arma de Fogo,Objeto Contundente,4,4,44,2,1,Concluído
Latrocínio,Santo Amaro,Estelionato Bancário,Arma de Fogo,1,4,14,2,0,Arquivado
Ameaça,Graças,Golpe Telefônico,Faca,1,1,65,1,1,Concluído
Estupro,Casa Forte,Estupro Coletivo,Faca,4,1,50,2,0,Arquivado
Roubo,Boa Viagem,Uso de Arma de Fogo,Faca,1,2,39,8,0,Arquivado
Tráfico de Drogas,Tamarineira,Uso de Arma de Fogo,Arma de Fogo,3,4,41,7,0,Arquivado
Furto,Afogados,Emboscada,Nenhum,0,0,54,5,0,Arquivado
Violência Doméstica,Boa Viagem,Fraude Online,Objeto Contundente,4,2,37,8,1,Concluído
Estelionato,Santo Amaro,Golpe Telefônico,Nenhum,2,1,54,2,1,Concluído
Ameaça,Graças,Emboscada,Explosivos,3,3,45,1,1,Concluído
Sequestro,Torre,Assalto a Mão Armada,Objeto Contundente,4,3,42,4,1,Concluído
Latrocínio,Graças,Crime Cibernético,Objeto Contundente,1,2,27,1,0,Arquivado
Roubo,Afogados,Arrombamento,Objeto Contundente,3,4,34,5,1,Concluído
Sequestro,Casa Forte,Uso de Arma de Fogo,Objeto Contundente,4,2,59,2,1,Concluído
Furto,Graças,Invasão Residencial,Nenhum,4,4,43,1,0,Arquivado
Estelionato,Torre,Assalto a Mão Armada,Nenhum,2,1,63,4,1,Concluído
Sequestro,Torre,Invasão Residencial,Arma de Fogo,2,4,58,4,0,Arquivado
Tráfico de Drogas,Torre,Golpe Telefônico,Nenhum,0,4,24,4,1,Concluído
Sequestro,Casa Forte,Crime Cibernético,Arma de Fogo,3,4,42,2,0,Arquivado
Latrocínio,Afogados,Invasão Residencial,Arma de Fogo,1,2,38,5,0,Arquivado
Tráfico de Drogas,Torre,Crime Cibernético,Objeto Contundente,3,4,41,4,0,Arquivado
Homicídio,Tamarineira,Fraude Online,Objeto Contundente,4,3,67,7,1,Concluído
Violência Doméstica,Casa Forte,Estelionato Bancário,Nenhum,2,4,18,2,0,Arquivado
Furto,Torre,Estelionato Bancário,Nenhum,2,3,46,4,0,Arquivado
Estelionato,Afogados,Invasão Residencial,Objeto Contundente,2,4,31,5,0,Arquivado
Estupro,Torre,Crime Cibernético,Explosivos,1,1,36,4,1,Concluído
Latrocínio,Santo Amaro,Arrombamento,Explosivos,1,1,57,2,0,Arquivado
Violência Doméstica,Boa Viagem,Uso de Arma de Fogo,Arma de Fogo,2,1,19,8,0,Arquivado
Estupro,Espinheiro,Estupro Coletivo,Nenhum,2,0,23,3,0,Arquivado
Sequestro,Afogados,Fraude Online,Arma de Fogo,1,0,52,5,0,Arquivado
Estelionato,Afogados,Golpe Telefônico,Faca,2,0,20,5,1,Concluído
Sequestro,Santo Amaro,Arrombamento,Explosivos,0,4,59,2,1,Concluído
Ameaça,Santo Amaro,Uso de Arma de Fogo,Arma de Fogo,2,4,55,2,1,Concluído
Latrocínio,Torre,Golpe Telefônico,Faca,2,4,50,4,1,Concluído
Ameaça,Imbiribeira,Emboscada,Arma de Fogo,0,3,48,6,0,Arquivado
Roubo,Espinheiro,Fraude Online,Objeto Contundente,0,0,45,3,0,Arquivado
Sequestro,Graças,Crime Cibernético,Faca,4,3,59,1,0,Arquivado
Tráfico de Drogas,Imbiribeira,Golpe Telefônico,Arma de Fogo,0,4,32,6,0,Arquivado
Estupro,Boa Viagem,Invasão Residencial,Explosivos,1,4,27,8,0,Arquivado
Estelionato,Torre,Fraude Online,Arma de Fogo,1,2,21,4,1,Concluído
Estupro,Tamarineira,Uso de Arma de Fogo,Nenhum,2,1,15,7,1,Concluído
Furto,Tamarineira,Estelionato Bancário,Explosivos,3,0,40,7,1,Concluído
Estupro,Graças,Estupro Coletivo,Explosivos,3,4,35,1,0,Arquivado
Estupro,Imbiribeira,Invasão Residencial,Nenhum,0,2,52,6,0,Arquivado
Estelionato,Casa Forte,Assalto a Mão Armada,Nenhum,3,1,38,2,1,Concluído
Tráfico de Drogas,Pina,Golpe Telefônico,Nenhum,0,0,21,0,1,Concluído
Estupro,Santo Amaro,Invasão Residencial,Explosivos,2,2,49,2,0,Arquivado
Tráfico de Drogas,Afogados,Invasão Residencial,Nenhum,1,0,29,5,1,Concluído
Sequestro,Santo Amaro,Assalto a Mão Armada,Faca,3,4,40,2,1,Concluído
Sequestro,Pina,Golpe Telefônico,Objeto Contundente,1,3,16,0,0,Arquivado
Tráfico de Drogas,Casa Forte,Invasão Residencial,Arma de Fogo,3,3,19,2,0,Arquivado
Violência Doméstica,Casa Forte,Arrombamento,Arma de Fogo,1,4,53,2,1,Concluído
Estelionato,Graças,Arrombamento,Objeto Contundente,0,3,64,1,0,Arquivado
Violência Doméstica,Espinheiro,Assalto a Mão Armada,Explosivos,4,2,63,3,0,Arquivado
Tráfico de Drogas,Casa Forte,Estupro Coletivo,Arma de Fogo,3,1,42,2,1,Concluído
Violência Doméstica,Torre,Fraude Online,Arma de Fogo,4,2,32,4,1,Concluído
Roubo,Boa Viagem,Uso de Arma de Fogo,Arma de Fogo,3,3,17,8,1,Concluído
Ameaça,Pina,Emboscada,Arma de Fogo,4,3,69,0,0,Arquivado
Estupro,Afogados,Golpe Telefônico,Objeto Contundente,1,3,26,5,0,Arquivado
Tráfico de Drogas,Torre,Emboscada,Objeto Contundente,1,0,37,4,1,Concluído
Estupro,Espinheiro,Golpe Telefônico,Arma de Fogo,0,1,69,3,0,Arquivado
Ameaça,Casa Forte,Golpe Telefônico,Nenhum,4,2,18,2,0,Arquivado
Ameaça,Casa Forte,Assalto a Mão Armada,Explosivos,2,2,69,2,0,Arquivado
Roubo,Torre,Estelionato Bancário,Explosivos,2,2,45,4,0,Arquivado
Homicídio,Graças,Estupro Coletivo,Arma de Fogo,0,4,49,1,0,Arquivado
Ameaça,Santo Amaro,Crime Cibernético,Nenhum,3,4,37,2,1,Concluído
Latrocínio,Santo Amaro,Arrombamento,Objeto Contundente,1,0,45,2,1,Concluído
Estelionato,Torre,Estelionato Bancário,Nenhum,3,1,64,4,0,Arquivado
Latrocínio,Graças,Arrombamento,Explosivos,4,2,51,1,0,Arquivado
Sequestro,Pina,Uso de Arma de Fogo,Explosivos,0,2,23,0,1,Concluído
Estupro,Casa Forte,Assalto a Mão Armada,Nenhum,3,1,21,2,0,Arquivado
Homicídio,Imbiribeira,Estupro Coletivo,Arma de Fogo,2,0,23,6,1,Concluído
Roubo,Santo Amaro,Invasão Residencial,Nenhum,3,3,49,2,0,Arquivado
Sequestro,Boa Viagem,Uso de Arma de Fogo,Objeto Contundente,2,4,16,8,1,Concluído
Homicídio,Afogados,Estupro Coletivo,Objeto Contundente,0,2,66,5,0,Arquivado
Homicídio,Santo Amaro,Emboscada,Explosivos,0,3,22,2,0,Arquivado
Ameaça,Pina,Crime Cibernético,Objeto Contundente,3,1,51,0,0,Arquivado
Furto,Boa Viagem,Fraude Online,Objeto Contundente,0,4,14,8,1,Concluído
Roubo,Santo Amaro,Fraude Online,Arma de Fogo,2,1,49,2,1,Concluído
Violência Doméstica,Espinheiro,Crime Cibernético,Arma de Fogo,2,3,44,3,0,Arquivado
Latrocínio,Pina,Golpe Telefônico,Explosivos,2,1,26,0,0,Arquivado
Roubo,Torre,Invasão Residencial,Explosivos,1,1,39,4,1,Concluído
Furto,Tamarineira,Golpe Telefônico,Objeto Contundente,4,4,67,7,1,Concluído
Estelionato,Torre,Crime Cibernético,Objeto Contundente,4,1,39,4,0,Arquivado
Estelionato,Imbiribeira,Invasão Residencial,Objeto Contundente,4,4,36,6,0,Arquivado
Roubo,Tamarineira,Estupro Coletivo,Faca,4,2,63,7,0,Arquivado
Ameaça,Graças,Golpe Telefônico,Arma de Fogo,1,1,67,1,1,Concluído
Violência Doméstica,Boa Viagem,Fraude Online,Nenhum,3,2,31,8,1,Concluído
Furto,Casa Forte,Crime Cibernético,Nenhum,2,0,31,2,1,Concluído
Violência Doméstica,Espinheiro,Estelionato Bancário,Faca,2,0,58,3,1,Concluído
Sequestro,Casa Forte,Crime Cibernético,Nenhum,0,0,36,2,1,Concluído
Tráfico de Drogas,Torre,Arrombamento,Nenhum,4,1,14,4,1,Concluído
Furto,Torre,Estelionato Bancário,Nenhum,3,4,33,4,1,Concluído
Homicídio,Santo Amaro,Uso de Arma de Fogo,Nenhum,3,2,30,2,1,Concluído
Furto,Tamarineira,Crime Cibernético,Arma de Fogo,1,2,42,7,0,Arquivado
Sequestro,Tamarineira,Crime Cibernético,Faca,3,1,23,7,1,Concluído
Roubo,Afogados,Invasão Residencial,Nenhum,2,1,20,5,1,Concluído
Tráfico de Drogas,Casa Forte,Invasão Residencial,Faca,1,1,15,2,0,Arquivado
Tráfico de Drogas,Imbiribeira,Estelionato Bancário,Faca,1,0,34,6,1,Concluído
Estupro,Pina,Assalto a Mão Armada,Nenhum,0,0,45,0,1,Concluído
Violência Doméstica,Tamarineira,Estupro Coletivo,Explosivos,0,2,62,7,1,Concluído
Estupro,Graças,Estelionato Bancário,Arma de Fogo,2,1,18,1,1,Concluído
Violência Doméstica,Santo Amaro,Estupro Coletivo,Nenhum,4,0,37,2,0,Arquivado
Roubo,Graças,Estupro Coletivo,Explosivos,0,2,36,1,1,Concluído
Latrocínio,Graças,Arrombamento,Faca,2,0,53,1,1,Concluído
Sequestro,Boa Viagem,Crime Cibernético,Nenhum,4,3,50,8,0,Arquivado
Roubo,Tamarineira,Estupro Coletivo,Explosivos,2,0,68,7,0,Arquivado
Roubo,Imbiribeira,Uso de Arma de Fogo,Nenhum,0,0,22,6,1,Concluído
Estupro,Graças,Golpe Telefônico,Faca,2,4,16,1,0,Arquivado
Furto,Tamarineira,Fraude Online,Objeto Contundente,2,0,56,7,0,Arquivado
Sequestro,Boa Viagem,Invasão Residencial,Explosivos,0,0,59,8,1,Concluído
Sequestro,Casa Forte,Uso de Arma de Fogo,Explosivos,0,1,26,2,1,Concluído
Tráfico de Drogas,Pina,Invasão Residencial,Nenhum,1,3,17,0,0,Arquivado
Roubo,Boa Viagem,Fraude Online,Nenhum,0,4,41,8,0,Arquivado
Homicídio,Pina,Estupro Coletivo,Nenhum,3,1,45,0,1,Concluído
Ameaça,Santo Amaro,Estelionato Bancário,Nenhum,3,4,35,2,0,Arquivado
Violência Doméstica,Torre,Emboscada,Faca,4,0,44,4,1,Concluído
Ameaça,Santo Amaro,Estupro Coletivo,Faca,1,1,23,2,0,Arquivado
Homicídio,Imbiribeira,Emboscada,Explosivos,4,0,14,6,1,Concluído
Latrocínio,Boa Viagem,Invasão Residencial,Objeto Contundente,1,1,51,8,0,Arquivado
Homicídio,Espinheiro,Emboscada,Nenhum,2,4,40,3,1,Concluído
Homicídio,Imbiribeira,Emboscada,Explosivos,2,0,21,6,0,Arquivado
Estelionato,Afogados,Invasão Residencial,Nenhum,1,0,56,5,0,Arquivado
Roubo,Torre,Estelionato Bancário,Faca,4,0,40,4,1,Concluído
Sequestro,Imbiribeira,Golpe Telefônico,Arma de Fogo,3,2,25,6,0,Arquivado
Furto,Afogados,Assalto a Mão Armada,Arma de Fogo,1,0,57,5,1,Concluído
Sequestro,Pina,Invasão Residencial,Arma de Fogo,3,2,45,0,1,Concluído
Ameaça,Imbiribeira,Arrombamento,Arma de Fogo,0,1,43,6,0,Arquivado
Roubo,Boa Viagem,Fraude Online,Faca,0,0,55,8,0,Arquivado
Violência Doméstica,Santo Amaro,Fraude Online,Explosivos,0,0,44,2,1,Concluído
Estupro,Santo Amaro,Assalto a Mão Armada,Nenhum,1,4,15,2,1,Concluído
Furto,Pina,Uso de Arma de Fogo,Arma de Fogo,1,1,59,0,1,Concluído
Furto,Pina,Estelionato Bancário,Arma de Fogo,2,2,22,0,0,Arquivado
Homicídio,Tamarineira,Golpe Telefônico,Explosivos,0,0,38,7,0,Arquivado
Roubo,Espinheiro,Assalto a Mão Armada,Faca,4,3,42,3,0,Arquivado
Roubo,Afogados,Emboscada,Explosivos,4,3,27,5,0,Arquivado
Tráfico de Drogas,Torre,Estupro Coletivo,Nenhum,1,3,37,4,1,Concluído
Estelionato,Boa Viagem,Crime Cibernético,Arma de Fogo,2,2,32,8,0,Arquivado
Estelionato,Graças,Fraude Online,Arma de Fogo,4,4,59,1,0,Arquivado
Latrocínio,Boa Viagem,Estelionato Bancário,Nenhum,3,0,49,8,0,Arquivado
Homicídio,Santo Amaro,Crime Cibernético,Objeto Contundente,1,4,33,2,1,Concluído
Ameaça,Pina,Invasão Residencial,Arma de Fogo,0,0,30,0,1,Concluído
Tráfico de Drogas,Tamarineira,Estelionato Bancário,Arma de Fogo,4,2,58,7,1,Concluído
Roubo,Espinheiro,Crime Cibernético,Faca,1,2,38,3,0,Arquivado
Ameaça,Afogados,Invasão Residencial,Arma de Fogo,2,1,67,5,0,Arquivado
Roubo,Espinheiro,Emboscada,Explosivos,4,4,50,3,0,Arquivado
Estelionato,Imbiribeira,Estupro Coletivo,Arma de Fogo,2,2,61,6,1,Concluído
Furto,Boa Viagem,Fraude Online,Nenhum,3,2,35,8,0,Arquivado
Latrocínio,Espinheiro,Uso de Arma de Fogo,Nenhum,2,3,59,3,0,Arquivado
Tráfico de Drogas,Casa Forte,Estelionato Bancário,Faca,1,3,67,2,0,Arquivado
Estupro,Boa Viagem,Assalto a Mão Armada,Explosivos,3,0,55,8,0,Arquivado
Tráfico de Drogas,Santo Amaro,Invasão Residencial,Objeto Contundente,0,4,46,2,0,Arquivado
Estupro,Espinheiro,Crime Cibernético,Nenhum,4,2,39,3,0,Arquivado
Tráfico de Drogas,Santo Amaro,Invasão Residencial,Nenhum,1,4,26,2,0,Arquivado
Violência Doméstica,Tamarineira,Fraude Online,Explosivos,4,2,41,7,0,Arquivado
Estupro,Torre,Estupro Coletivo,Faca,0,0,22,4,1,Concluído
Roubo,Casa Forte,Estelionato Bancário,Faca,1,1,41,2,0,Arquivado
Latrocínio,Graças,Estupro Coletivo,Arma de Fogo,4,1,27,1,0,Arquivado
Homicídio,Tamarineira,Crime Cibernético,Explosivos,2,1,25,7,0,Arquivado
Violência Doméstica,Tamarineira,Assalto a Mão Armada,Explosivos,4,1,63,7,0,Arquivado
Latrocínio,Espinheiro,Emboscada,Faca,4,4,60,3,1,Concluído
Latrocínio,Casa Forte,Emboscada,Faca,2,3,47,2,1,Concluído
Ameaça,Graças,Fraude Online,Nenhum,4,4,36,1,0,Arquivado
Roubo,Tamarineira,Golpe Telefônico,Arma de Fogo,2,0,34,7,0,Arquivado
Latrocínio,Boa Viagem,Emboscada,Nenhum,2,2,57,8,0,Arquivado
Estelionato,Afogados,Assalto a Mão Armada,Faca,3,0,21,5,0,Arquivado
Latrocínio,Graças,Uso de Arma de Fogo,Faca,0,0,57,1,0,Arquivado
Estupro,Pina,Fraude Online,Faca,4,3,58,0,1,Concluído
Estelionato,Torre,Crime Cibernético,Faca,2,3,64,4,0,Arquivado
Latrocínio,Afogados,Assalto a Mão Armada,Faca,4,2,64,5,0,Arquivado
Latrocínio,Pina,Estupro Coletivo,Arma de Fogo,0,1,68,0,0,Arquivado
Roubo,Graças,Invasão Residencial,Faca,2,2,62,1,0,Arquivado
Latrocínio,Imbiribeira,Invasão Residencial,Arma de Fogo,1,2,58,6,1,Concluído
Estupro,Casa Forte,Estelionato Bancário,Objeto Contundente,2,4,25,2,1,Concluído
Tráfico de Drogas,Pina,Arrombamento,Faca,1,1,19,0,1,Concluído
Latrocínio,Boa Viagem,Estupro Coletivo,Nenhum,1,1,18,8,1,Concluído
Violência Doméstica,Boa Viagem,Uso de Arma de Fogo,Explosivos,4,3,49,8,0,Arquivado
Homicídio,Casa Forte,Invasão Residencial,Faca,0,0,18,2,0,Arquivado
Furto,Santo Amaro,Estelionato Bancário,Objeto Contundente,3,2,16,2,0,Arquivado
Roubo,Pina,Crime Cibernético,Explosivos,3,2,66,0,0,Arquivado
Roubo,Pina,Estelionato Bancário,Objeto Contundente,0,2,17,0,1,Concluído
Homicídio,Pina,Fraude Online,Arma de Fogo,0,3,53,0,0,Arquivado
Sequestro,Casa Forte,Crime Cibernético,Faca,4,3,46,2,1,Concluído
Sequestro,Pina,Crime Cibernético,Faca,3,4,40,0,0,Arquivado
Latrocínio,Graças,Golpe Telefônico,Explosivos,0,0,58,1,0,Arquivado
Roubo,Graças,Uso de Arma de Fogo,Arma de Fogo,3,0,56,1,1,Concluído
Estupro,Pina,Estupro Coletivo,Nenhum,3,0,53,0,1,Concluído
Roubo,Imbiribeira,Assalto a Mão Armada,Nenhum,4,1,68,6,0,Arquivado
Furto,Casa Forte,Fraude Online,Explosivos,3,1,25,2,0,Arquivado
Violência Doméstica,Afogados,Fraude Online,Faca,3,1,44,5,0,Arquivado
Roubo,Torre,Golpe Telefônico,Objeto Contundente,2,0,62,4,1,Concluído
Estelionato,Boa Viagem,Invasão Residencial,Faca,2,0,15,8,0,Arquivado
Ameaça,Santo Amaro,Golpe Telefônico,Arma de Fogo,3,0,59,2,1,Concluído
Ameaça,Casa Forte,Crime Cibernético,Nenhum,0,0,61,2,1,Concluído
Latrocínio,Santo Amaro,Arrombamento,Arma de Fogo,0,0,17,2,0,Arquivado
Homicídio,Graças,Arrombamento,Faca,3,2,40,1,0,Arquivado
Tráfico de Drogas,Tamarineira,Estupro Coletivo,Objeto Contundente,1,0,56,7,0,Arquivado
Estupro,Casa Forte,Uso de Arma de Fogo,Objeto Contundente,1,2,29,2,0,Arquivado
Estupro,Graças,Fraude Online,Explosivos,1,4,69,1,1,Concluído
Homicídio,Imbiribeira,Emboscada,Faca,0,1,38,6,1,Concluído
Violência Doméstica,Afogados,Fraude Online,Faca,4,2,31,5,0,Arquivado
Estupro,Casa Forte,Invasão Residencial,Nenhum,2,4,33,2,1,Concluído
Estelionato,Torre,Emboscada,Explosivos,4,1,63,4,1,Concluído
Homicídio,Tamarineira,Fraude Online,Objeto Contundente,3,2,31,7,0,Arquivado
Ameaça,Pina,Uso de Arma de Fogo,Arma de Fogo,0,3,57,0,1,Concluído
Sequestro,Boa Viagem,Uso de Arma de Fogo,Arma de Fogo,0,0,42,8,1,Concluído
Latrocínio,Boa Viagem,Golpe Telefônico,Explosivos,4,3,43,8,0,Arquivado
Homicídio,Pina,Estupro Coletivo,Faca,2,1,56,0,1,Concluído
Roubo,Graças,Invasão Residencial,Nenhum,4,3,54,1,0,Arquivado
Estelionato,Tamarineira,Emboscada,Objeto Contundente,2,0,55,7,1,Concluído
Tráfico de Drogas,Graças,Estupro Coletivo,Arma de Fogo,2,0,65,1,1,Concluído
Estupro,Afogados,Fraude Online,Faca,2,4,37,5,1,Concluído
Roubo,Santo Amaro,Estupro Coletivo,Faca,3,4,44,2,1,Concluído
Violência Doméstica,Boa Viagem,Arrombamento,Explosivos,2,0,31,8,1,Concluído
Latrocínio,Afogados,Estupro Coletivo,Explosivos,0,2,52,5,0,Arquivado
Estelionato,Imbiribeira,Fraude Online,Objeto Contundente,4,3,14,6,0,Arquivado
Latrocínio,Torre,Assalto a Mão Armada,Nenhum,4,2,26,4,1,Concluído
Roubo,Graças,Assalto a Mão Armada,Arma de Fogo,3,3,21,1,1,Concluído
Homicídio,Pina,Invasão Residencial,Nenhum,4,2,64,0,1,Concluído
Latrocínio,Casa Forte,Arrombamento,Objeto Contundente,1,4,62,2,1,Concluído
Estelionato,Casa Forte,Assalto a Mão Armada,Arma de Fogo,0,3,52,2,0,Arquivado
Violência Doméstica,Pina,Crime Cibernético,Objeto Contundente,1,4,27,0,0,Arquivado
Violência Doméstica,Santo Amaro,Estelionato Bancário,Arma de Fogo,1,0,39,2,1,Concluído
Estupro,Tamarineira,Crime Cibernético,Arma de Fogo,4,4,19,7,1,Concluído
Roubo,Imbiribeira,Emboscada,Faca,2,2,43,6,1,Concluído
Tráfico de Drogas,Boa Viagem,Uso de Arma de Fogo,Explosivos,2,2,68,8,0,Arquivado
Tráfico de Drogas,Pina,Arrombamento,Nenhum,0,3,63,0,0,Arquivado
Violência Doméstica,Boa Viagem,Estelionato Bancário,Faca,1,3,39,8,1,Concluído
Ameaça,Espinheiro,Uso de Arma de Fogo,Faca,0,1,28,3,1,Concluído
Sequestro,Tamarineira,Emboscada,Objeto Contundente,2,1,56,7,0,Arquivado
Estupro,Tamarineira,Estelionato Bancário,Objeto Contundente,4,1,63,7,0,Arquivado
Roubo,Santo Amaro,Golpe Telefônico,Arma de Fogo,2,3,62,2,1,Concluído
Furto,Afogados,Estelionato Bancário,Nenhum,1,2,36,5,0,Arquivado
Roubo,Casa Forte,Estupro Coletivo,Explosivos,4,4,45,2,0,Arquivado
Violência Doméstica,Casa Forte,Crime Cibernético,Nenhum,1,0,27,2,0,Arquivado
Ameaça,Imbiribeira,Crime Cibernético,Explosivos,2,2,20,6,0,Arquivado
Violência Doméstica,Espinheiro,Crime Cibernético,Explosivos,2,0,33,3,1,Concluído
Estupro,Santo Amaro,Invasão Residencial,Explosivos,1,3,52,2,0,Arquivado
Ameaça,Boa Viagem,Invasão Residencial,Arma de Fogo,1,1,45,8,0,Arquivado
Roubo,Graças,Assalto a Mão Armada,Faca,1,3,56,1,1,Concluído
Roubo,Espinheiro,Assalto a Mão Armada,Faca,4,2,68,3,0,Arquivado
Violência Doméstica,Santo Amaro,Estelionato Bancário,Objeto Contundente,1,1,42,2,0,Arquivado
Furto,Graças,Fraude Online,Objeto Contundente,2,4,42,1,1,Concluído
Latrocínio,Casa Forte,Crime Cibernético,Nenhum,1,4,18,2,0,Arquivado
Estupro,Graças,Estelionato Bancário,Nenhum,4,3,65,1,0,Arquivado
Estelionato,Santo Amaro,Arrombamento,Arma de Fogo,0,3,25,2,1,Concluído
Estupro,Santo Amaro,Golpe Telefônico,Faca,1,3,40,2,1,Concluído
Sequestro,Casa Forte,Arrombamento,Nenhum,4,1,46,2,0,Arquivado
Estupro,Santo Amaro,Arrombamento,Explosivos,2,0,19,2,1,Concluído
Estupro,Casa Forte,Fraude Online,Nenhum,4,0,69,2,0,Arquivado
Violência Doméstica,Tamarineira,Invasão Residencial,Explosivos,4,2,20,7,0,Arquivado
Tráfico de Drogas,Imbiribeira,Arrombamento,Objeto Contundente,1,2,21,6,1,Concluído
Furto,Graças,Fraude Online,Explosivos,4,2,31,1,0,Arquivado
Sequestro,Espinheiro,Fraude Online,Explosivos,1,4,18,3,1,Concluído
Latrocínio,Espinheiro,Crime Cibernético,Arma de Fogo,1,0,26,3,0,Arquivado
Roubo,Casa Forte,Uso de Arma de Fogo,Objeto Contundente,2,2,59,2,1,Concluído
Violência Doméstica,Graças,Golpe Telefônico,Objeto Contundente,0,1,45,1,0,Arquivado
Ameaça,Casa Forte,Estupro Coletivo,Arma de Fogo,3,2,29,2,0,Arquivado
Roubo,Graças,Arrombamento,Arma de Fogo,0,1,28,1,0,Arquivado
Estelionato,Casa Forte,Emboscada,Nenhum,3,2,50,2,1,Concluído
Sequestro,Pina,Golpe Telefônico,Objeto Contundente,1,1,61,0,0,Arquivado
Homicídio,Espinheiro,Estelionato Bancário,Arma de Fogo,2,0,38,3,0,Arquivado
Ameaça,Torre,Crime Cibernético,Explosivos,3,2,61,4,1,Concluído
Latrocínio,Espinheiro,Assalto a Mão Armada,Arma de Fogo,0,4,18,3,1,Concluído
Tráfico de Drogas,Casa Forte,Arrombamento,Faca,0,1,43,2,0,Arquivado
Estelionato,Santo Amaro,Invasão Residencial,Nenhum,2,1,37,2,0,Arquivado
Furto,Imbiribeira,Invasão Residencial,Explosivos,3,3,31,6,0,Arquivado
Furto,Espinheiro,Arrombamento,Objeto Contundente,4,2,26,3,0,Arquivado
Latrocínio,Casa Forte,Golpe Telefônico,Arma de Fogo,4,0,14,2,0,Arquivado
Ameaça,Afogados,Estupro Coletivo,Nenhum,4,4,66,5,0,Arquivado
Sequestro,Imbiribeira,Emboscada,Faca,2,1,69,6,1,Concluído
Violência Doméstica,Afogados,Invasão Residencial,Explosivos,1,2,49,5,1,Concluído
Sequestro,Imbiribeira,Golpe Telefônico,Faca,3,1,39,6,0,Arquivado
Homicídio,Espinheiro,Estupro Coletivo,Nenhum,1,1,60,3,1,Concluído
Tráfico de Drogas,Torre,Fraude Online,Nenhum,2,1,63,4,1,Concluído
Estelionato,Imbiribeira,Arrombamento,Explosivos,0,2,26,6,0,Arquivado
Estelionato,Imbiribeira,Golpe Telefônico,Arma de Fogo,4,1,37,6,1,Concluído
Latrocínio,Boa Viagem,Invasão Residencial,Objeto Contundente,0,3,35,8,0,Arquivado
Ameaça,Pina,Assalto a Mão Armada,Arma de Fogo,1,4,52,0,1,Concluído
Roubo,Tamarineira,Assalto a Mão Armada,Arma de Fogo,2,3,40,7,1,Concluído
Latrocínio,Santo Amaro,Estupro Coletivo,Arma de Fogo,3,2,25,2,1,Concluído
Roubo,Pina,Golpe Telefônico,Explosivos,1,0,33,0,1,Concluído
Estupro,Afogados,Crime Cibernético,Explosivos,2,3,68,5,1,Concluído
Tráfico de Drogas,Boa Viagem,Uso de Arma de Fogo,Objeto Contundente,3,4,51,8,0,Arquivado
Homicídio,Graças,Crime Cibernético,Nenhum,2,2,19,1,1,Concluído
Ameaça,Espinheiro,Assalto a Mão Armada,Nenhum,1,3,64,3,1,Concluído
Ameaça,Pina,Estupro Coletivo,Explosivos,4,3,69,0,1,Concluído
Roubo,Pina,Emboscada,Objeto Contundente,1,2,48,0,0,Arquivado
Roubo,Casa Forte,Arrombamento,Arma de Fogo,0,1,62,2,1,Concluído
Latrocínio,Santo Amaro,Golpe Telefônico,Objeto Contundente,3,2,37,2,0,Arquivado
Estelionato,Boa Viagem,Uso de Arma de Fogo,Arma de Fogo,3,0,20,8,1,Concluído
Latrocínio,Afogados,Fraude Online,Objeto Contundente,2,2,42,5,0,Arquivado
Tráfico de Drogas,Imbiribeira,Emboscada,Explosivos,1,1,14,6,1,Concluído
Sequestro,Santo Amaro,Assalto a Mão Armada,Arma de Fogo,2,1,65,2,0,Arquivado
Estupro,Pina,Golpe Telefônico,Objeto Contundente,2,4,24,0,1,Concluído
Violência Doméstica,Imbiribeira,Assalto a Mão Armada,Arma de Fogo,0,0,52,6,0,Arquivado
Roubo,Santo Amaro,Invasão Residencial,Nenhum,2,1,30,2,0,Arquivado
Estupro,Pina,Arrombamento,Faca,4,2,68,0,0,Arquivado
Furto,Graças,Uso de Arma de Fogo,Nenhum,1,0,45,1,0,Arquivado
Ameaça,Pina,Invasão Residencial,Arma de Fogo,4,0,48,0,1,Concluído
Roubo,Graças,Uso de Arma de Fogo,Explosivos,2,0,68,1,1,Concluído
Estupro,Espinheiro,Fraude Online,Nenhum,0,0,43,3,1,Concluído
Estupro,Imbiribeira,Estupro Coletivo,Explosivos,2,3,56,6,0,Arquivado
Violência Doméstica,Afogados,Fraude Online,Faca,4,4,36,5,0,Arquivado
Ameaça,Pina,Emboscada,Objeto Contundente,2,0,33,0,1,Concluído
Sequestro,Tamarineira,Assalto a Mão Armada,Explosivos,2,3,67,7,1,Concluído
Furto,Tamarineira,Assalto a Mão Armada,Explosivos,2,1,23,7,0,Arquivado
Estupro,Boa Viagem,Invasão Residencial,Faca,2,4,15,8,0,Arquivado
Estupro,Torre,Arrombamento,Objeto Contundente,4,3,53,4,0,Arquivado
Estelionato,Torre,Crime Cibernético,Explosivos,3,1,64,4,0,Arquivado
Homicídio,Imbiribeira,Fraude Online,Faca,2,3,37,6,1,Concluído
Tráfico de Drogas,Afogados,Arrombamento,Nenhum,4,3,61,5,0,Arquivado
Furto,Afogados,Uso de Arma de Fogo,Nenhum,4,4,32,5,0,Arquivado
Violência Doméstica,Casa Forte,Estupro Coletivo,Arma de Fogo,3,2,31,2,0,Arquivado
Latrocínio,Santo Amaro,Arrombamento,Nenhum,2,4,68,2,1,Concluído
Tráfico de Drogas,Santo Amaro,Invasão Residencial,Explosivos,1,4,55,2,1,Concluído
Violência Doméstica,Imbiribeira,Estelionato Bancário,Nenhum,3,3,28,6,0,Arquivado
Furto,Boa Viagem,Fraude Online,Faca,2,1,53,8,0,Arquivado
Estelionato,Espinheiro,Invasão Residencial,Explosivos,4,1,54,3,1,Concluído
Homicídio,Pina,Golpe Telefônico,Nenhum,2,3,67,0,1,Concluído
Estelionato,Tamarineira,Arrombamento,Faca,0,1,43,7,0,Arquivado
Homicídio,Casa Forte,Fraude Online,Objeto Contundente,2,4,30,2,1,Concluído
Latrocínio,Tamarineira,Invasão Residencial,Explosivos,4,2,35,7,1,Concluído
Latrocínio,Torre,Invasão Residencial,Arma de Fogo,4,0,14,4,1,Concluído
Tráfico de Drogas,Santo Amaro,Golpe Telefônico,Faca,4,1,68,2,1,Concluído
Estelionato,Espinheiro,Fraude Online,Faca,3,4,17,3,1,Concluído
Estelionato,Espinheiro,Emboscada,Arma de Fogo,0,2,45,3,0,Arquivado
Ameaça,Graças,Arrombamento,Objeto Contundente,3,0,59,1,0,Arquivado
Tráfico de Drogas,Espinheiro,Arrombamento,Arma de Fogo,2,4,50,3,0,Arquivado
Roubo,Espinheiro,Emboscada,Arma de Fogo,3,0,16,3,0,Arquivado
Latrocínio,Graças,Crime Cibernético,Nenhum,0,0,67,1,1,Concluído
Estelionato,Imbiribeira,Crime Cibernético,Objeto Contundente,1,1,38,6,1,Concluído
Homicídio,Espinheiro,Emboscada,Nenhum,1,0,42,3,1,Concluído
Estupro,Torre,Uso de Arma de Fogo,Objeto Contundente,3,4,58,4,0,Arquivado
Estelionato,Afogados,Assalto a Mão Armada,Explosivos,1,1,56,5,1,Concluído
Estupro,Boa Viagem,Assalto a Mão Armada,Arma de Fogo,4,1,22,8,0,Arquivado
Violência Doméstica,Torre,Arrombamento,Arma de Fogo,0,2,64,4,0,Arquivado
Furto,Tamarineira,Crime Cibernético,Explosivos,3,0,51,7,1,Concluído
Roubo,Boa Viagem,Golpe Telefônico,Nenhum,1,4,53,8,0,Arquivado
Furto,Pina,Invasão Residencial,Objeto Contundente,2,1,35,0,1,Concluído
Latrocínio,Boa Viagem,Golpe Telefônico,Explosivos,2,2,29,8,0,Arquivado
Furto,Santo Amaro,Fraude Online,Faca,4,2,21,2,0,Arquivado
Sequestro,Torre,Arrombamento,Explosivos,0,4,48,4,1,Concluído
Violência Doméstica,Pina,Emboscada,Explosivos,4,1,41,0,0,Arquivado
Latrocínio,Santo Amaro,Assalto a Mão Armada,Objeto Contundente,3,4,55,2,0,Arquivado
Estelionato,Afogados,Golpe Telefônico,Arma de Fogo,1,4,18,5,0,Arquivado
Estupro,Imbiribeira,Invasão Residencial,Explosivos,3,2,41,6,0,Arquivado
Violência Doméstica,Imbiribeira,Crime Cibernético,Objeto Contundente,2,2,31,6,1,Concluído
Furto,Pina,Arrombamento,Faca,0,1,15,0,0,Arquivado
Estupro,Pina,Golpe Telefônico,Arma de Fogo,4,2,14,0,0,Arquivado
Latrocínio,Tamarineira,Crime Cibernético,Explosivos,0,0,63,7,1,Concluído
Latrocínio,Espinheiro,Crime Cibernético,Objeto Contundente,1,2,54,3,1,Concluído
Estelionato,Pina,Uso de Arma de Fogo,Arma de Fogo,3,4,27,0,0,Arquivado
Violência Doméstica,Santo Amaro,Fraude Online,Explosivos,2,0,35,2,1,Concluído
Furto,Casa Forte,Assalto a Mão Armada,Faca,3,3,31,2,0,Arquivado
Tráfico de Drogas,Afogados,Invasão Residencial,Objeto Contundente,1,3,67,5,0,Arquivado
Homicídio,Imbiribeira,Estupro Coletivo,Explosivos,4,0,52,6,1,Concluído
Ameaça,Pina,Estelionato Bancário,Nenhum,2,1,23,0,1,Concluído
Violência Doméstica,Casa Forte,Golpe Telefônico,Objeto Contundente,3,3,50,2,0,Arquivado
Ameaça,Imbiribeira,Crime Cibernético,Faca,2,2,29,6,1,Concluído
Violência Doméstica,Espinheiro,Fraude Online,Explosivos,0,2,15,3,0,Arquivado
Roubo,Boa Viagem,Uso de Arma de Fogo,Faca,1,1,43,8,1,Concluído
Violência Doméstica,Espinheiro,Fraude Online,Nenhum,3,4,41,3,1,Concluído
Homicídio,Tamarineira,Uso de Arma de Fogo,Objeto Contundente,0,2,40,7,1,Concluído
Latrocínio,Boa Viagem,Arrombamento,Arma de Fogo,0,2,60,8,0,Arquivado
Estelionato,Torre,Estupro Coletivo,Nenhum,1,0,34,4,0,Arquivado
Estupro,Imbiribeira,Golpe Telefônico,Explosivos,0,1,17,6,0,Arquivado
Estelionato,Graças,Uso de Arma de Fogo,Objeto Contundente,4,3,45,1,0,Arquivado
Estupro,Torre,Estupro Coletivo,Nenhum,3,3,69,4,0,Arquivado
Sequestro,Torre,Invasão Residencial,Nenhum,0,3,42,4,0,Arquivado
Sequestro,Casa Forte,Arrombamento,Arma de Fogo,1,1,30,2,0,Arquivado
Homicídio,Torre,Crime Cibernético,Objeto Contundente,4,0,56,4,1,Concluído
Sequestro,Casa Forte,Crime Cibernético,Explosivos,2,3,46,2,0,Arquivado
Furto,Afogados,Crime Cibernético,Arma de Fogo,0,0,37,5,1,Concluído
Sequestro,Imbiribeira,Uso de Arma de Fogo,Arma de Fogo,0,4,15,6,0,Arquivado
Estupro,Graças,Uso de Arma de Fogo,Explosivos,4,0,25,1,0,Arquivado
Ameaça,Graças,Uso de Arma de Fogo,Arma de Fogo,1,4,39,1,1,Concluído
Ameaça,Imbiribeira,Assalto a Mão Armada,Nenhum,0,1,26,6,1,Concluído
Estupro,Pina,Estelionato Bancário,Arma de Fogo,3,4,46,0,0,Arquivado
Violência Doméstica,Afogados,Assalto a Mão Armada,Faca,4,1,63,5,0,Arquivado
Latrocínio,Boa Viagem,Estelionato Bancário,Explosivos,4,0,20,8,1,Concluído
Homicídio,Santo Amaro,Estupro Coletivo,Arma de Fogo,3,0,57,2,0,Arquivado
Homicídio,Graças,Golpe Telefônico,Explosivos,0,2,34,1,0,Arquivado
Estelionato,Imbiribeira,Crime Cibernético,Nenhum,3,0,62,6,0,Arquivado
Ameaça,Boa Viagem,Crime Cibernético,Faca,1,0,37,8,0,Arquivado
Sequestro,Afogados,Uso de Arma de Fogo,Faca,4,0,38,5,1,Concluído
Homicídio,Imbiribeira,Fraude Online,Explosivos,3,2,34,6,1,Concluído
Ameaça,Boa Viagem,Arrombamento,Objeto Contundente,1,1,34,8,1,Concluído
Ameaça,Afogados,Estupro Coletivo,Arma de Fogo,1,1,48,5,0,Arquivado
Estelionato,Tamarineira,Arrombamento,Arma de Fogo,4,0,51,7,0,Arquivado
Homicídio,Imbiribeira,Golpe Telefônico,Explosivos,1,0,32,6,1,Concluído
Violência Doméstica,Graças,Invasão Residencial,Nenhum,2,3,58,1,1,Concluído
Sequestro,Casa Forte,Invasão Residencial,Faca,3,1,20,2,1,Concluído
Estelionato,Afogados,Crime Cibernético,Objeto Contundente,0,2,44,5,0,Arquivado
Furto,Casa Forte,Invasão Residencial,Nenhum,3,2,56,2,1,Concluído
Sequestro,Afogados,Estelionato Bancário,Nenhum,0,3,17,5,1,Concluído
Tráfico de Drogas,Casa Forte,Estupro Coletivo,Nenhum,3,1,60,2,1,Concluído
Ameaça,Tamarineira,Emboscada,Faca,0,0,27,7,0,Arquivado
Estupro,Graças,Invasão Residencial,Arma de Fogo,1,4,20,1,0,Arquivado
Tráfico de Drogas,Imbiribeira,Estelionato Bancário,Faca,3,4,63,6,1,Concluído
Sequestro,Casa Forte,Uso de Arma de Fogo,Nenhum,1,2,46,2,1,Concluído
Tráfico de Drogas,Graças,Arrombamento,Objeto Contundente,4,1,63,1,1,Concluído
Violência Doméstica,Boa Viagem,Estelionato Bancário,Objeto Contundente,1,0,16,8,0,Arquivado
Ameaça,Pina,Assalto a Mão Armada,Objeto Contundente,0,2,51,0,1,Concluído
Latrocínio,Torre,Assalto a Mão Armada,Faca,3,1,67,4,1,Concluído
Violência Doméstica,Santo Amaro,Invasão Residencial,Objeto Contundente,4,2,40,2,1,Concluído
Estelionato,Casa Forte,Crime Cibernético,Faca,0,3,66,2,0,Arquivado
Latrocínio,Graças,Assalto a Mão Armada,Faca,1,2,64,1,0,Arquivado
Homicídio,Pina,Crime Cibernético,Objeto Contundente,0,3,55,0,1,Concluído
Violência Doméstica,Graças,Crime Cibernético,Nenhum,3,4,33,1,1,Concluído
Sequestro,Torre,Golpe Telefônico,Faca,2,2,59,4,1,Concluído
Homicídio,Espinheiro,Arrombamento,Objeto Contundente,2,0,26,3,0,Arquivado
Violência Doméstica,Casa Forte,Invasão Residencial,Nenhum,3,4,47,2,1,Concluído
Tráfico de Drogas,Torre,Arrombamento,Objeto Contundente,3,0,41,4,0,Arquivado
Homicídio,Graças,Golpe Telefônico,Nenhum,2,1,32,1,0,Arquivado
Sequestro,Pina,Golpe Telefônico,Arma de Fogo,0,0,66,0,1,Concluído
Ameaça,Imbiribeira,Uso de Arma de Fogo,Faca,4,4,54,6,0,Arquivado
Latrocínio,Espinheiro,Invasão Residencial,Arma de Fogo,4,2,40,3,0,Arquivado
Violência Doméstica,Tamarineira,Emboscada,Explosivos,4,3,30,7,1,Concluído
Tráfico de Drogas,Espinheiro,Assalto a Mão Armada,Objeto Contundente,1,0,18,3,0,Arquivado
Homicídio,Espinheiro,Uso de Arma de Fogo,Arma de Fogo,1,2,19,3,0,Arquivado
Estupro,Graças,Assalto a Mão Armada,Explosivos,0,3,20,1,1,Concluído
Estupro,Boa Viagem,Golpe Telefônico,Arma de Fogo,1,0,60,8,0,Arquivado
Tráfico de Drogas,Torre,Golpe Telefônico,Nenhum,2,4,65,4,1,Concluído
Roubo,Imbiribeira,Arrombamento,Explosivos,1,4,58,6,0,Arquivado
Homicídio,Tamarineira,Fraude Online,Nenhum,2,4,34,7,1,Concluído
Violência Doméstica,Pina,Estupro Coletivo,Faca,2,2,23,0,0,Arquivado
Violência Doméstica,Espinheiro,Arrombamento,Arma de Fogo,3,3,65,3,0,Arquivado
Tráfico de Drogas,Santo Amaro,Estupro Coletivo,Explosivos,2,4,22,2,0,Arquivado
Estelionato,Santo Amaro,Fraude Online,Nenhum,4,2,26,2,1,Concluído
Latrocínio,Tamarineira,Fraude Online,Explosivos,1,3,68,7,0,Arquivado
Furto,Torre,Estelionato Bancário,Faca,3,3,21,4,0,Arquivado
Tráfico de Drogas,Boa Viagem,Emboscada,Objeto Contundente,4,3,30,8,0,Arquivado
Homicídio,Graças,Uso de Arma de Fogo,Faca,1,0,44,1,0,Arquivado
Ameaça,Pina,Invasão Residencial,Faca,1,4,29,0,0,Arquivado
Sequestro,Santo Amaro,Estelionato Bancário,Arma de Fogo,1,3,17,2,1,Concluído
Sequestro,Espinheiro,Invasão Residencial,Objeto Contundente,4,4,25,3,0,Arquivado
Roubo,Imbiribeira,Fraude Online,Arma de Fogo,4,3,15,6,1,Concluído
Furto,Espinheiro,Estupro Coletivo,Objeto Contundente,4,1,64,3,1,Concluído
Estupro,Imbiribeira,Arrombamento,Nenhum,3,0,27,6,1,Concluído
Ameaça,Torre,Estelionato Bancário,Explosivos,0,0,26,4,1,Concluído
Estupro,Torre,Uso de Arma de Fogo,Objeto Contundente,2,3,17,4,0,Arquivado
Roubo,Pina,Crime Cibernético,Faca,0,1,30,0,0,Arquivado
Sequestro,Santo Amaro,Emboscada,Arma de Fogo,0,4,36,2,1,Concluído
Tráfico de Drogas,Afogados,Estelionato Bancário,Arma de Fogo,4,4,51,5,0,Arquivado
Homicídio,Boa Viagem,Emboscada,Nenhum,0,3,16,8,0,Arquivado
Violência Doméstica,Afogados,Estelionato Bancário,Arma de Fogo,1,3,43,5,0,Arquivado
Estelionato,Espinheiro,Estelionato Bancário,Explosivos,3,3,45,3,0,Arquivado
Estupro,Tamarineira,Arrombamento,Explosivos,1,3,40,7,0,Arquivado
Roubo,Afogados,Estupro Coletivo,Objeto Contundente,4,4,65,5,0,Arquivado
Estelionato,Boa Viagem,Emboscada,Faca,3,0,45,8,1,Concluído
Furto,Afogados,Assalto a Mão Armada,Faca,3,3,57,5,0,Arquivado
Estelionato,Torre,Fraude Online,Nenhum,0,3,55,4,0,Arquivado
Estupro,Torre,Uso de Arma de Fogo,Nenhum,3,3,54,4,0,Arquivado
Latrocínio,Torre,Fraude Online,Objeto Contundente,2,0,29,4,1,Concluído
Estelionato,Tamarineira,Uso de Arma de Fogo,Nenhum,1,2,16,7,1,Concluído
Roubo,Tamarineira,Uso de Arma de Fogo,Objeto Contundente,4,2,35,7,1,Concluído
Latrocínio,Boa Viagem,Emboscada,Faca,1,4,37,8,0,Arquivado
Furto,Graças,Crime Cibernético,Explosivos,1,2,61,1,1,Concluído
Sequestro,Casa Forte,Crime Cibernético,Faca,0,3,16,2,1,Concluído
Roubo,Tamarineira,Estelionato Bancário,Faca,2,2,56,7,0,Arquivado
Estupro,Torre,Estelionato Bancário,Nenhum,4,0,49,4,1,Concluído
Ameaça,Imbiribeira,Fraude Online,Arma de Fogo,3,3,41,6,1,Concluído
Sequestro,Boa Viagem,Estelionato Bancário,Arma de Fogo,3,3,48,8,1,Concluído
Ameaça,Santo Amaro,Estelionato Bancário,Explosivos,3,1,43,2,0,Arquivado
Violência Doméstica,Pina,Invasão Residencial,Objeto Contundente,2,4,25,0,0,Arquivado
Sequestro,Afogados,Golpe Telefônico,Explosivos,3,0,53,5,1,Concluído
Tráfico de Drogas,Boa Viagem,Estupro Coletivo,Arma de Fogo,3,2,36,8,1,Concluído
Estelionato,Imbiribeira,Arrombamento,Objeto Contundente,4,4,63,6,1,Concluído
Violência Doméstica,Imbiribeira,Crime Cibernético,Faca,1,2,54,6,0,Arquivado
Latrocínio,Imbiribeira,Crime Cibernético,Objeto Contundente,1,3,58,6,0,Arquivado
Tráfico de Drogas,Casa Forte,Assalto a Mão Armada,Nenhum,0,3,62,2,0,Arquivado
Homicídio,Afogados,Estelionato Bancário,Explosivos,0,0,16,5,0,Arquivado
Violência Doméstica,Pina,Golpe Telefônico,Faca,0,0,25,0,1,Concluído
Tráfico de Drogas,Afogados,Uso de Arma de Fogo,Arma de Fogo,4,0,19,5,0,Arquivado
Estupro,Boa Viagem,Assalto a Mão Armada,Nenhum,4,2,36,8,0,Arquivado
Estelionato,Casa Forte,Estupro Coletivo,Explosivos,4,0,24,2,1,Concluído
Violência Doméstica,Tamarineira,Emboscada,Nenhum,3,0,68,7,1,Concluído
Tráfico de Drogas,Torre,Emboscada,Nenhum,0,2,45,4,0,Arquivado
Estelionato,Pina,Fraude Online,Explosivos,3,3,53,0,1,Concluído
Tráfico de Drogas,Espinheiro,Assalto a Mão Armada,Arma de Fogo,2,1,18,3,0,Arquivado
Ameaça,Boa Viagem,Uso de Arma de Fogo,Faca,2,2,26,8,1,Concluído
Sequestro,Casa Forte,Estupro Coletivo,Arma de Fogo,4,4,64,2,0,Arquivado
Homicídio,Espinheiro,Fraude Online,Nenhum,2,2,18,3,0,Arquivado
Roubo,Santo Amaro,Crime Cibernético,Faca,1,3,65,2,1,Concluído
Latrocínio,Tamarineira,Estupro Coletivo,Explosivos,4,2,66,7,0,Arquivado
Estelionato,Santo Amaro,Crime Cibernético,Faca,0,2,14,2,1,Concluído
Latrocínio,Espinheiro,Fraude Online,Explosivos,1,0,26,3,1,Concluído
Furto,Pina,Emboscada,Faca,3,3,52,0,0,Arquivado
Violência Doméstica,Torre,Emboscada,Explosivos,2,3,36,4,1,Concluído
Violência Doméstica,Imbiribeira,Estelionato Bancário,Arma de Fogo,4,4,30,6,0,Arquivado
Furto,Santo Amaro,Golpe Telefônico,Nenhum,0,3,44,2,1,Concluído
Roubo,Casa Forte,Assalto a Mão Armada,Nenhum,0,4,17,2,0,Arquivado
Tráfico de Drogas,Casa Forte,Crime Cibernético,Nenhum,3,0,39,2,1,Concluído
Estelionato,Casa Forte,Arrombamento,Objeto Contundente,3,1,46,2,0,Arquivado
Latrocínio,Tamarineira,Arrombamento,Arma de Fogo,4,4,20,7,0,Arquivado
Roubo,Boa Viagem,Crime Cibernético,Explosivos,4,1,37,8,1,Concluído
Homicídio,Espinheiro,Golpe Telefônico,Explosivos,1,3,34,3,1,Concluído
Furto,Santo Amaro,Emboscada,Nenhum,2,0,49,2,0,Arquivado
Ameaça,Espinheiro,Crime Cibernético,Explosivos,3,4,60,3,1,Concluído
Homicídio,Boa Viagem,Estupro Coletivo,Arma de Fogo,1,1,40,8,1,Concluído
Roubo,Pina,Crime Cibernético,Faca,4,4,69,0,0,Arquivado
Ameaça,Santo Amaro,Uso de Arma de Fogo,Explosivos,1,4,65,2,1,Concluído
Estelionato,Tamarineira,Uso de Arma de Fogo,Explosivos,0,3,42,7,0,Arquivado
Homicídio,Imbiribeira,Estupro Coletivo,Arma de Fogo,3,0,58,6,1,Concluído
Estupro,Tamarineira,Assalto a Mão Armada,Explosivos,1,1,48,7,1,Concluído
Sequestro,Afogados,Fraude Online,Arma de Fogo,2,0,33,5,0,Arquivado
Furto,Espinheiro,Invasão Residencial,Explosivos,4,2,50,3,1,Concluído
Tráfico de Drogas,Graças,Invasão Residencial,Explosivos,3,4,18,1,0,Arquivado
Furto,Afogados,Estupro Coletivo,Explosivos,1,4,58,5,1,Concluído
Estupro,Imbiribeira,Uso de Arma de Fogo,Arma de Fogo,0,0,56,6,1,Concluído
Ameaça,Afogados,Uso de Arma de Fogo,Nenhum,0,2,40,5,1,Concluído
Homicídio,Boa Viagem,Estelionato Bancário,Nenhum,2,4,67,8,0,Arquivado
Roubo,Tamarineira,Arrombamento,Faca,4,4,63,7,1,Concluído
Homicídio,Santo Amaro,Invasão Residencial,Arma de Fogo,0,4,21,2,1,Concluído
Roubo,Afogados,Emboscada,Objeto Contundente,0,2,19,5,0,Arquivado
Sequestro,Afogados,Emboscada,Explosivos,4,2,51,5,1,Concluído
Homicídio,Espinheiro,Golpe Telefônico,Faca,4,4,22,3,0,Arquivado
Tráfico de Drogas,Boa Viagem,Assalto a Mão Armada,Nenhum,2,4,38,8,0,Arquivado
Tráfico de Drogas,Pina,Crime Cibernético,Nenhum,4,2,55,0,1,Concluído
Tráfico de Drogas,Espinheiro,Invasão Residencial,Arma de Fogo,0,3,28,3,0,Arquivado
Furto,Torre,Arrombamento,Objeto Contundente,3,0,55,4,1,Concluído
Roubo,Pina,Uso de Arma de Fogo,Objeto Contundente,4,3,15,0,0,Arquivado
Ameaça,Torre,Invasão Residencial,Nenhum,0,3,22,4,0,Arquivado
Sequestro,Tamarineira,Assalto a Mão Armada,Arma de Fogo,2,2,43,7,1,Concluído
Latrocínio,Imbiribeira,Invasão Residencial,Faca,4,1,65,6,1,Concluído
Estupro,Tamarineira,Crime Cibernético,Objeto Contundente,4,1,54,7,0,Arquivado
Sequestro,Afogados,Golpe Telefônico,Faca,3,0,66,5,0,Arquivado
Furto,Imbiribeira,Fraude Online,Explosivos,0,3,53,6,1,Concluído
Tráfico de Drogas,Boa Viagem,Uso de Arma de Fogo,Nenhum,0,2,46,8,1,Concluído
Ameaça,Graças,Uso de Arma de Fogo,Arma de Fogo,4,3,67,1,0,Arquivado
Furto,Torre,Estelionato Bancário,Nenhum,0,4,36,4,0,Arquivado
Sequestro,Pina,Golpe Telefônico,Arma de Fogo,4,3,18,0,1,Concluído
Tráfico de Drogas,Imbiribeira,Fraude Online,Nenhum,4,2,21,6,0,Arquivado
Roubo,Espinheiro,Uso de Arma de Fogo,Arma de Fogo,0,0,51,3,0,Arquivado
Homicídio,Espinheiro,Crime Cibernético,Explosivos,1,3,27,3,1,Concluído
Estelionato,Tamarineira,Assalto a Mão Armada,Faca,4,0,52,7,0,Arquivado
Tráfico de Drogas,Espinheiro,Estupro Coletivo,Objeto Contundente,2,0,58,3,0,Arquivado
Sequestro,Casa Forte,Emboscada,Objeto Contundente,2,0,64,2,1,Concluído
Sequestro,Tamarineira,Emboscada,Nenhum,1,2,40,7,0,Arquivado
Tráfico de Drogas,Graças,Emboscada,Nenhum,4,2,42,1,1,Concluído
Estelionato,Graças,Golpe Telefônico,Faca,1,4,35,1,0,Arquivado
Roubo,Pina,Crime Cibernético,Objeto Contundente,4,1,40,0,0,Arquivado
Latrocínio,Santo Amaro,Arrombamento,Faca,1,3,28,2,0,Arquivado
Estupro,Afogados,Golpe Telefônico,Arma de Fogo,1,3,55,5,0,Arquivado
Latrocínio,Boa Viagem,Estelionato Bancário,Faca,3,0,40,8,0,Arquivado
Furto,Torre,Invasão Residencial,Arma de Fogo,3,1,69,4,1,Concluído
Sequestro,Imbiribeira,Emboscada,Objeto Contundente,1,4,22,6,0,Arquivado
Latrocínio,Santo Amaro,Estupro Coletivo,Explosivos,0,4,52,2,0,Arquivado
Homicídio,Casa Forte,Fraude Online,Objeto Contundente,2,4,65,2,1,Concluído
Latrocínio,Tamarineira,Estelionato Bancário,Arma de Fogo,0,2,59,7,1,Concluído
Latrocínio,Graças,Arrombamento,Objeto Contundente,4,4,29,1,0,Arquivado
Homicídio,Pina,Golpe Telefônico,Objeto Contundente,4,1,22,0,0,Arquivado
Latrocínio,Pina,Golpe Telefônico,Faca,0,0,42,0,1,Concluído
Estelionato,Afogados,Estelionato Bancário,Objeto Contundente,0,0,53,5,1,Concluído
Tráfico de Drogas,Casa Forte,Crime Cibernético,Objeto Contundente,2,0,58,2,0,Arquivado
Violência Doméstica,Boa Viagem,Emboscada,Nenhum,4,2,49,8,0,Arquivado
Ameaça,Casa Forte,Estelionato Bancário,Objeto Contundente,3,1,37,2,0,Arquivado
Tráfico de Drogas,Casa Forte,Fraude Online,Arma de Fogo,2,2,21,2,0,Arquivado
Violência Doméstica,Afogados,Assalto a Mão Armada,Nenhum,2,1,69,5,1,Concluído
Sequestro,Imbiribeira,Golpe Telefônico,Faca,2,3,68,6,1,Concluído
Homicídio,Graças,Estupro Coletivo,Arma de Fogo,1,2,60,1,1,Concluído
Tráfico de Drogas,Afogados,Uso de Arma de Fogo,Explosivos,0,1,64,5,0,Arquivado
Roubo,Tamarineira,Arrombamento,Faca,2,4,69,7,1,Concluído
Homicídio,Tamarineira,Invasão Residencial,Arma de Fogo,0,3,53,7,0,Arquivado
Ameaça,Torre,Emboscada,Nenhum,3,2,49,4,1,Concluído
Violência Doméstica,Imbiribeira,Estelionato Bancário,Explosivos,4,1,51,6,0,Arquivado
Tráfico de Drogas,Afogados,Assalto a Mão Armada,Explosivos,0,3,18,5,0,Arquivado
Sequestro,Afogados,Arrombamento,Faca,1,2,33,5,1,Concluído
Homicídio,Santo Amaro,Arrombamento,Arma de Fogo,3,4,55,2,1,Concluído
Tráfico de Drogas,Tamarineira,Estupro Coletivo,Explosivos,1,3,67,7,1,Concluído
Furto,Torre,Fraude Online,Nenhum,1,4,20,4,1,Concluído
Ameaça,Imbiribeira,Estupro Coletivo,Nenhum,0,3,32,6,0,Arquivado
Roubo,Santo Amaro,Estupro Coletivo,Objeto Contundente,3,4,65,2,1,Concluído
Roubo,Tamarineira,Arrombamento,Objeto Contundente,4,4,31,7,0,Arquivado
Sequestro,Casa Forte,Fraude Online,Faca,0,3,65,2,0,Arquivado
Furto,Santo Amaro,Fraude Online,Explosivos,3,1,22,2,1,Concluído
Tráfico de Drogas,Santo Amaro,Fraude Online,Explosivos,0,2,62,2,0,Arquivado
Homicídio,Casa Forte,Golpe Telefônico,Faca,2,0,44,2,0,Arquivado
Furto,Casa Forte,Golpe Telefônico,Explosivos,4,2,54,2,1,Concluído
Sequestro,Torre,Fraude Online,Nenhum,2,4,67,4,0,Arquivado
Sequestro,Espinheiro,Fraude Online,Nenhum,3,3,37,3,0,Arquivado
Homicídio,Imbiribeira,Assalto a Mão Armada,Faca,1,4,21,6,0,Arquivado
Sequestro,Graças,Estupro Coletivo,Faca,2,1,25,1,1,Concluído
Tráfico de Drogas,Santo Amaro,Uso de Arma de Fogo,Faca,2,4,39,2,1,Concluído
Homicídio,Imbiribeira,Assalto a Mão Armada,Explosivos,0,3,57,6,0,Arquivado
Roubo,Espinheiro,Estupro Coletivo,Nenhum,2,3,18,3,0,Arquivado
Homicídio,Afogados,Uso de Arma de Fogo,Arma de Fogo,2,1,36,5,1,Concluído
Tráfico de Drogas,Torre,Emboscada,Explosivos,3,1,15,4,0,Arquivado
Furto,Torre,Crime Cibernético,Explosivos,1,0,37,4,1,Concluído
Roubo,Imbiribeira,Invasão Residencial,Faca,2,1,59,6,0,Arquivado
Ameaça,Torre,Uso de Arma de Fogo,Explosivos,2,3,52,4,1,Concluído
Ameaça,Pina,Assalto a Mão Armada,Objeto Contundente,4,4,30,0,1,Concluído
Tráfico de Drogas,Tamarineira,Estupro Coletivo,Objeto Contundente,2,3,27,7,1,Concluído
Latrocínio,Afogados,Uso de Arma de Fogo,Nenhum,0,0,24,5,0,Arquivado
Homicídio,Tamarineira,Estupro Coletivo,Objeto Contundente,2,0,64,7,0,Arquivado
Latrocínio,Afogados,Estelionato Bancário,Arma de Fogo,1,3,25,5,0,Arquivado
Latrocínio,Casa Forte,Estupro Coletivo,Nenhum,0,2,22,2,0,Arquivado
Estelionato,Santo Amaro,Crime Cibernético,Explosivos,4,4,67,2,0,Arquivado
Tráfico de Drogas,Pina,Arrombamento,Objeto Contundente,2,3,52,0,0,Arquivado
Roubo,Graças,Emboscada,Nenhum,0,4,17,1,1,Concluído
Sequestro,Tamarineira,Crime Cibernético,Nenhum,0,4,56,7,1,Concluído
Tráfico de Drogas,Santo Amaro,Estelionato Bancário,Arma de Fogo,4,1,27,2,0,Arquivado
Ameaça,Torre,Estelionato Bancário,Objeto Contundente,3,3,64,4,1,Concluído
Estelionato,Casa Forte,Assalto a Mão Armada,Nenhum,3,4,19,2,1,Concluído
Homicídio,Casa Forte,Invasão Residencial,Explosivos,1,2,62,2,0,Arquivado
Estupro,Espinheiro,Emboscada,Nenhum,4,0,57,3,0,Arquivado
Tráfico de Drogas,Imbiribeira,Assalto a Mão Armada,Objeto Contundente,3,4,39,6,1,Concluído
Tráfico de Drogas,Santo Amaro,Fraude Online,Nenhum,0,0,47,2,1,Concluído
Homicídio,Boa Viagem,Arrombamento,Objeto Contundente,2,3,24,8,0,Arquivado
Sequestro,Imbiribeira,Uso de Arma de Fogo,Nenhum,2,3,50,6,0,Arquivado
Furto,Casa Forte,Estupro Coletivo,Explosivos,4,4,16,2,0,Arquivado
Furto,Graças,Estupro Coletivo,Nenhum,4,2,42,1,1,Concluído
Ameaça,Graças,Golpe Telefônico,Arma de Fogo,3,3,23,1,1,Concluído
Violência Doméstica,Tamarineira,Uso de Arma de Fogo,Nenhum,0,4,69,7,1,Concluído
Latrocínio,Tamarineira,Fraude Online,Faca,0,3,43,7,1,Concluído
Roubo,Graças,Assalto a Mão Armada,Faca,0,3,20,1,0,Arquivado
Roubo,Torre,Fraude Online,Objeto Contundente,1,4,59,4,1,Concluído
Homicídio,Boa Viagem,Estupro Coletivo,Faca,1,1,15,8,0,Arquivado
Estelionato,Tamarineira,Golpe Telefônico,Nenhum,1,3,54,7,0,Arquivado
Violência Doméstica,Santo Amaro,Emboscada,Nenhum,2,2,21,2,0,Arquivado
Homicídio,Pina,Emboscada,Explosivos,2,3,53,0,0,Arquivado
Latrocínio,Torre,Emboscada,Nenhum,4,0,14,4,1,Concluído
Ameaça,Torre,Estelionato Bancário,Nenhum,0,4,35,4,0,Arquivado
Roubo,Graças,Uso de Arma de Fogo,Explosivos,2,2,38,1,1,Concluído
Sequestro,Boa Viagem,Estelionato Bancário,Faca,2,3,47,8,0,Arquivado
Estupro,Espinheiro,Invasão Residencial,Nenhum,4,3,19,3,1,Concluído
Roubo,Imbiribeira,Arrombamento,Arma de Fogo,0,2,26,6,0,Arquivado
Homicídio,Santo Amaro,Emboscada,Faca,3,0,35,2,0,Arquivado
Estelionato,Santo Amaro,Estelionato Bancário,Objeto Contundente,2,2,47,2,0,Arquivado
Homicídio,Santo Amaro,Emboscada,Explosivos,3,1,26,2,0,Arquivado
Violência Doméstica,Santo Amaro,Invasão Residencial,Nenhum,0,4,69,2,1,Concluído
Homicídio,Boa Viagem,Estelionato Bancário,Nenhum,2,0,33,8,1,Concluído
Sequestro,Pina,Uso de Arma de Fogo,Arma de Fogo,2,2,18,0,0,Arquivado
Ameaça,Torre,Estelionato Bancário,Faca,0,1,20,4,1,Concluído
Ameaça,Afogados,Emboscada,Explosivos,2,1,31,5,0,Arquivado
Tráfico de Drogas,Afogados,Golpe Telefônico,Arma de Fogo,2,0,54,5,1,Concluído
Estupro,Tamarineira,Arrombamento,Arma de Fogo,0,1,62,7,0,Arquivado
Estelionato,Santo Amaro,Crime Cibernético,Faca,2,3,36,2,1,Concluído
Violência Doméstica,Afogados,Estelionato Bancário,Nenhum,0,0,54,5,1,Concluído
Violência Doméstica,Afogados,Estupro Coletivo,Explosivos,2,2,61,5,0,Arquivado
Latrocínio,Afogados,Invasão Residencial,Faca,0,2,51,5,1,Concluído
Latrocínio,Pina,Emboscada,Explosivos,1,1,22,0,0,Arquivado
Sequestro,Imbiribeira,Fraude Online,Objeto Contundente,0,4,28,6,1,Concluído
Furto,Graças,Invasão Residencial,Nenhum,2,3,18,1,1,Concluído
Ameaça,Afogados,Arrombamento,Faca,3,4,54,5,1,Concluído
Estelionato,Torre,Invasão Residencial,Objeto Contundente,3,1,23,4,1,Concluído
Violência Doméstica,Torre,Invasão Residencial,Nenhum,1,3,30,4,1,Concluído
Ameaça,Torre,Uso de Arma de Fogo,Arma de Fogo,2,3,65,4,0,Arquivado
Latrocínio,Tamarineira,Invasão Residencial,Arma de Fogo,2,4,55,7,1,Concluído
Furto,Imbiribeira,Emboscada,Nenhum,2,2,31,6,0,Arquivado
Furto,Casa Forte,Golpe Telefônico,Faca,3,1,63,2,0,Arquivado
Estupro,Torre,Estelionato Bancário,Nenhum,2,3,60,4,0,Arquivado
Latrocínio,Espinheiro,Crime Cibernético,Objeto Contundente,4,4,59,3,1,Concluído
Ameaça,Pina,Estupro Coletivo,Arma de Fogo,0,4,22,0,0,Arquivado
Estelionato,Casa Forte,Crime Cibernético,Objeto Contundente,4,1,56,2,1,Concluído
Latrocínio,Torre,Emboscada,Objeto Contundente,3,0,31,4,0,Arquivado
Ameaça,Espinheiro,Crime Cibernético,Explosivos,4,3,21,3,1,Concluído
Homicídio,Casa Forte,Arrombamento,Arma de Fogo,2,0,20,2,0,Arquivado
Tráfico de Drogas,Espinheiro,Emboscada,Objeto Contundente,1,1,61,3,0,Arquivado
Estupro,Casa Forte,Invasão Residencial,Faca,1,3,67,2,0,Arquivado
Estelionato,Imbiribeira,Crime Cibernético,Faca,3,3,32,6,0,Arquivado
Sequestro,Pina,Golpe Telefônico,Arma de Fogo,1,4,36,0,1,Concluído
Roubo,Afogados,Fraude Online,Arma de Fogo,2,1,32,5,0,Arquivado
Estupro,Tamarineira,Fraude Online,Nenhum,2,4,36,7,1,Concluído
Latrocínio,Torre,Estelionato Bancário,Objeto Contundente,4,0,51,4,1,Concluído
Latrocínio,Santo Amaro,Uso de Arma de Fogo,Objeto Contundente,0,4,38,2,0,Arquivado
Furto,Pina,Estupro Coletivo,Nenhum,1,4,66,0,1,Concluído
Estupro,Torre,Arrombamento,Objeto Contundente,3,3,24,4,1,Concluído
Latrocínio,Afogados,Assalto a Mão Armada,Arma de Fogo,4,3,65,5,0,Arquivado
Ameaça,Tamarineira,Invasão Residencial,Explosivos,3,0,44,7,1,Concluído
Ameaça,Boa Viagem,Crime Cibernético,Explosivos,3,0,42,8,0,Arquivado
Tráfico de Drogas,Boa Viagem,Invasão Residencial,Nenhum,0,2,26,8,1,Concluído
Estelionato,Espinheiro,Assalto a Mão Armada,Faca,0,1,15,3,0,Arquivado
Estupro,Espinheiro,Invasão Residencial,Objeto Contundente,4,4,48,3,0,Arquivado
Tráfico de Drogas,Pina,Assalto a Mão Armada,Objeto Contundente,3,4,49,0,1,Concluído
Homicídio,Graças,Emboscada,Faca,3,3,50,1,1,Concluído
Estelionato,Espinheiro,Invasão Residencial,Explosivos,1,2,29,3,0,Arquivado
Tráfico de Drogas,Casa Forte,Crime Cibernético,Faca,4,1,24,2,0,Arquivado
Roubo,Imbiribeira,Uso de Arma de Fogo,Arma de Fogo,4,2,35,6,0,Arquivado
Roubo,Boa Viagem,Crime Cibernético,Arma de Fogo,4,4,30,8,1,Concluído
Estupro,Graças,Golpe Telefônico,Arma de Fogo,1,2,52,1,1,Concluído
Latrocínio,Boa Viagem,Uso de Arma de Fogo,Nenhum,0,1,17,8,0,Arquivado
Tráfico de Drogas,Tamarineira,Emboscada,Faca,1,1,15,7,0,Arquivado
Roubo,Espinheiro,Invasão Residencial,Faca,4,2,29,3,1,Concluído
Estelionato,Santo Amaro,Fraude Online,Arma de Fogo,2,1,52,2,1,Concluído
Roubo,Tamarineira,Estelionato Bancário,Arma de Fogo,1,4,63,7,0,Arquivado
Latrocínio,Boa Viagem,Golpe Telefônico,Arma de Fogo,3,4,24,8,0,Arquivado
Roubo,Imbiribeira,Crime Cibernético,Arma de Fogo,4,4,48,6,1,Concluído
Furto,Boa Viagem,Crime Cibernético,Objeto Contundente,2,2,55,8,0,Arquivado
Ameaça,Imbiribeira,Golpe Telefônico,Objeto Contundente,0,2,56,6,1,Concluído
Violência Doméstica,Pina,Uso de Arma de Fogo,Objeto Contundente,4,2,40,0,1,Concluído
Roubo,Torre,Assalto a Mão Armada,Arma de Fogo,4,1,61,4,0,Arquivado
Estelionato,Afogados,Estelionato Bancário,Nenhum,4,1,24,5,1,Concluído
Estupro,Imbiribeira,Crime Cibernético,Arma de Fogo,2,2,37,6,0,Arquivado
Estupro,Graças,Estupro Coletivo,Objeto Contundente,4,1,68,1,0,Arquivado
Estelionato,Torre,Estelionato Bancário,Arma de Fogo,2,2,59,4,1,Concluído
Homicídio,Tamarineira,Golpe Telefônico,Nenhum,0,0,53,7,1,Concluído
Estupro,Tamarineira,Emboscada,Faca,0,1,27,7,0,Arquivado
Ameaça,Torre,Uso de Arma de Fogo,Explosivos,1,1,50,4,1,Concluído
Estelionato,Torre,Crime Cibernético,Nenhum,2,2,14,4,0,Arquivado
Estupro,Pina,Assalto a Mão Armada,Arma de Fogo,1,3,26,0,1,Concluído
Furto,Torre,Estelionato Bancário,Faca,2,0,32,4,1,Concluído
Furto,Graças,Golpe Telefônico,Nenhum,0,1,18,1,1,Concluído
Sequestro,Santo Amaro,Crime Cibernético,Objeto Contundente,0,4,48,2,0,Arquivado
Ameaça,Pina,Assalto a Mão Armada,Nenhum,0,1,28,0,1,Concluído
Ameaça,Boa Viagem,Fraude Online,Objeto Contundente,2,4,46,8,1,Concluído
Tráfico de Drogas,Torre,Crime Cibernético,Explosivos,3,4,18,4,1,Concluído
Homicídio,Espinheiro,Uso de Arma de Fogo,Explosivos,3,1,68,3,0,Arquivado
Violência Doméstica,Graças,Emboscada,Explosivos,2,1,58,1,1,Concluído
Furto,Santo Amaro,Uso de Arma de Fogo,Nenhum,3,1,63,2,1,Concluído
Violência Doméstica,Imbiribeira,Estupro Coletivo,Explosivos,4,0,44,6,1,Concluído
Estupro,Santo Amaro,Invasão Residencial,Explosivos,0,2,36,2,1,Concluído
Roubo,Santo Amaro,Golpe Telefônico,Faca,0,2,29,2,1,Concluído
Roubo,Torre,Uso de Arma de Fogo,Explosivos,4,1,28,4,1,Concluído
Tráfico de Drogas,Boa Viagem,Estelionato Bancário,Explosivos,4,1,54,8,0,Arquivado
Roubo,Santo Amaro,Assalto a Mão Armada,Objeto Contundente,1,3,35,2,1,Concluído
Sequestro,Espinheiro,Estupro Coletivo,Objeto Contundente,2,0,17,3,1,Concluído
Latrocínio,Afogados,Fraude Online,Objeto Contundente,4,2,67,5,0,Arquivado
Roubo,Espinheiro,Estupro Coletivo,Explosivos,0,4,36,3,0,Arquivado
Tráfico de Drogas,Pina,Crime Cibernético,Arma de Fogo,4,1,15,0,1,Concluído
Estelionato,Tamarineira,Crime Cibernético,Explosivos,0,2,49,7,0,Arquivado
Roubo,Imbiribeira,Crime Cibernético,Faca,1,0,59,6,1,Concluído
Roubo,Graças,Estelionato Bancário,Arma de Fogo,0,3,30,1,1,Concluído
Latrocínio,Graças,Crime Cibernético,Arma de Fogo,2,1,32,1,0,Arquivado
Homicídio,Afogados,Assalto a Mão Armada,Arma de Fogo,4,2,28,5,1,Concluído
Ameaça,Santo Amaro,Fraude Online,Nenhum,1,2,24,2,0,Arquivado
Tráfico de Drogas,Espinheiro,Uso de Arma de Fogo,Nenhum,0,0,52,3,0,Arquivado
Latrocínio,Pina,Estupro Coletivo,Explosivos,4,2,21,0,1,Concluído
Furto,Espinheiro,Emboscada,Arma de Fogo,0,3,65,3,0,Arquivado
Homicídio,Imbiribeira,Assalto a Mão Armada,Nenhum,3,3,45,6,0,Arquivado
Sequestro,Tamarineira,Golpe Telefônico,Objeto Contundente,0,1,26,7,1,Concluído
Violência Doméstica,Boa Viagem,Estupro Coletivo,Objeto Contundente,3,3,58,8,1,Concluído
Violência Doméstica,Pina,Assalto a Mão Armada,Explosivos,0,4,50,0,0,Arquivado
Ameaça,Graças,Crime Cibernético,Faca,3,4,46,1,1,Concluído
Sequestro,Boa Viagem,Emboscada,Faca,0,3,42,8,0,Arquivado
Latrocínio,Santo Amaro,Crime Cibernético,Nenhum,2,2,51,2,1,Concluído
Homicídio,Imbiribeira,Crime Cibernético,Arma de Fogo,4,4,39,6,0,Arquivado
Latrocínio,Espinheiro,Estupro Coletivo,Faca,3,2,25,3,1,Concluído
Estelionato,Imbiribeira,Fraude Online,Objeto Contundente,1,0,55,6,0,Arquivado
Homicídio,Imbiribeira,Estupro Coletivo,Faca,1,4,21,6,1,Concluído
Furto,Boa Viagem,Fraude Online,Objeto Contundente,1,4,30,8,1,Concluído
Roubo,Espinheiro,Arrombamento,Nenhum,1,1,62,3,0,Arquivado
Tráfico de Drogas,Santo Amaro,Fraude Online,Nenhum,0,3,40,2,1,Concluído
Furto,Afogados,Emboscada,Faca,3,2,66,5,1,Concluído
Latrocínio,Tamarineira,Invasão Residencial,Arma de Fogo,3,2,42,7,0,Arquivado
Tráfico de Drogas,Pina,Estelionato Bancário,Nenhum,2,2,37,0,0,Arquivado
Latrocínio,Pina,Arrombamento,Nenhum,0,2,40,0,0,Arquivado
Tráfico de Drogas,Boa Viagem,Estupro Coletivo,Faca,2,4,36,8,0,Arquivado
Violência Doméstica,Torre,Estelionato Bancário,Arma de Fogo,2,4,51,4,1,Concluído
Roubo,Imbiribeira,Arrombamento,Arma de Fogo,0,2,34,6,0,Arquivado
Furto,Torre,Estupro Coletivo,Arma de Fogo,3,3,20,4,0,Arquivado
Homicídio,Pina,Invasão Residencial,Explosivos,2,2,28,0,1,Concluído
Estupro,Santo Amaro,Emboscada,Faca,1,1,26,2,0,Arquivado
Roubo,Imbiribeira,Estupro Coletivo,Nenhum,4,3,69,6,1,Concluído
Furto,Pina,Emboscada,Objeto Contundente,3,2,63,0,0,Arquivado
Furto,Afogados,Fraude Online,Faca,2,0,39,5,1,Concluído
Estupro,Boa Viagem,Uso de Arma de Fogo,Explosivos,3,4,42,8,0,Arquivado
Estupro,Espinheiro,Emboscada,Objeto Contundente,1,0,36,3,1,Concluído
Latrocínio,Pina,Uso de Arma de Fogo,Nenhum,3,3,57,0,1,Concluído
Estupro,Imbiribeira,Emboscada,Explosivos,2,3,16,6,1,Concluído
Tráfico de Drogas,Imbiribeira,Golpe Telefônico,Arma de Fogo,4,1,53,6,0,Arquivado
Estelionato,Santo Amaro,Golpe Telefônico,Objeto Contundente,0,1,47,2,0,Arquivado
Violência Doméstica,Afogados,Assalto a Mão Armada,Arma de Fogo,3,3,41,5,0,Arquivado
Latrocínio,Afogados,Invasão Residencial,Explosivos,0,0,45,5,0,Arquivado
Homicídio,Tamarineira,Uso de Arma de Fogo,Objeto Contundente,1,3,15,7,0,Arquivado
Homicídio,Torre,Estelionato Bancário,Nenhum,0,2,27,4,0,Arquivado
Sequestro,Pina,Assalto a Mão Armada,Objeto Contundente,4,1,17,0,0,Arquivado
Furto,Tamarineira,Arrombamento,Arma de Fogo,0,1,23,7,0,Arquivado
Tráfico de Drogas,Casa Forte,Arrombamento,Nenhum,3,1,17,2,1,Concluído
Latrocínio,Tamarineira,Uso de Arma de Fogo,Nenhum,1,2,23,7,1,Concluído
Violência Doméstica,Espinheiro,Emboscada,Arma de Fogo,2,0,69,3,1,Concluído
Furto,Pina,Crime Cibernético,Nenhum,4,0,60,0,0,Arquivado
Ameaça,Afogados,Assalto a Mão Armada,Nenhum,3,4,59,5,0,Arquivado
Homicídio,Graças,Uso de Arma de Fogo,Faca,4,0,28,1,0,Arquivado
Estupro,Santo Amaro,Arrombamento,Nenhum,1,3,62,2,1,Concluído
Estelionato,Casa Forte,Assalto a Mão Armada,Arma de Fogo,4,3,37,2,1,Concluído
Furto,Boa Viagem,Assalto a Mão Armada,Nenhum,3,0,53,8,0,Arquivado
Furto,Casa Forte,Golpe Telefônico,Faca,2,2,20,2,1,Concluído
Estelionato,Santo Amaro,Estelionato Bancário,Arma de Fogo,4,4,67,2,0,Arquivado
Latrocínio,Torre,Invasão Residencial,Nenhum,2,3,20,4,1,Concluído
Furto,Tamarineira,Emboscada,Arma de Fogo,0,2,47,7,1,Concluído
Furto,Graças,Estelionato Bancário,Explosivos,3,2,63,1,1,Concluído
Ameaça,Santo Amaro,Emboscada,Explosivos,4,1,14,2,1,Concluído
Ameaça,Casa Forte,Estelionato Bancário,Nenhum,1,1,41,2,0,Arquivado
Estupro,Santo Amaro,Crime Cibernético,Explosivos,0,3,39,2,0,Arquivado
Homicídio,Imbiribeira,Emboscada,Explosivos,2,1,20,6,1,Concluído
Estupro,Casa Forte,Crime Cibernético,Objeto Contundente,1,0,41,2,0,Arquivado
Sequestro,Espinheiro,Uso de Arma de Fogo,Faca,4,0,67,3,0,Arquivado
Violência Doméstica,Graças,Estelionato Bancário,Nenhum,1,2,50,1,0,Arquivado
Estupro,Espinheiro,Estelionato Bancário,Arma de Fogo,2,3,66,3,0,Arquivado
Homicídio,Afogados,Fraude Online,Faca,3,2,21,5,1,Concluído
Sequestro,Graças,Emboscada,Objeto Contundente,1,4,43,1,1,Concluído
Violência Doméstica,Imbiribeira,Uso de Arma de Fogo,Arma de Fogo,0,4,57,6,1,Concluído
Sequestro,Torre,Golpe Telefônico,Objeto Contundente,0,4,18,4,0,Arquivado
Violência Doméstica,Tamarineira,Fraude Online,Arma de Fogo,1,2,28,7,1,Concluído
Tráfico de Drogas,Imbiribeira,Uso de Arma de Fogo,Nenhum,0,0,41,6,1,Concluído
Homicídio,Graças,Crime Cibernético,Nenhum,3,1,58,1,0,Arquivado
Estelionato,Espinheiro,Invasão Residencial,Nenhum,2,0,43,3,0,Arquivado
Furto,Pina,Assalto a Mão Armada,Nenhum,0,2,16,0,1,Concluído
Sequestro,Afogados,Golpe Telefônico,Objeto Contundente,4,4,66,5,1,Concluído
Latrocínio,Tamarineira,Fraude Online,Arma de Fogo,2,3,51,7,0,Arquivado
Estupro,Imbiribeira,Estupro Coletivo,Nenhum,2,2,23,6,0,Arquivado
Homicídio,Casa Forte,Assalto a Mão Armada,Objeto Contundente,2,0,37,2,0,Arquivado
Estupro,Pina,Invasão Residencial,Arma de Fogo,1,4,65,0,1,Concluído
Roubo,Casa Forte,Golpe Telefônico,Explosivos,1,3,37,2,1,Concluído
Furto,Santo Amaro,Arrombamento,Arma de Fogo,0,1,36,2,1,Concluído
Estelionato,Espinheiro,Uso de Arma de Fogo,Objeto Contundente,1,3,24,3,0,Arquivado
Violência Doméstica,Pina,Invasão Residencial,Explosivos,4,4,38,0,0,Arquivado
Estupro,Casa Forte,Uso de Arma de Fogo,Explosivos,4,3,15,2,1,Concluído
Estupro,Santo Amaro,Emboscada,Explosivos,1,3,64,2,0,Arquivado
Estupro,Tamarineira,Estupro Coletivo,Arma de Fogo,2,3,32,7,1,Concluído
Estelionato,Boa Viagem,Estelionato Bancário,Objeto Contundente,2,4,38,8,0,Arquivado
Latrocínio,Imbiribeira,Emboscada,Faca,4,3,32,6,1,Concluído
Roubo,Pina,Uso de Arma de Fogo,Nenhum,2,3,31,0,0,Arquivado
Violência Doméstica,Casa Forte,Uso de Arma de Fogo,Faca,2,2,30,2,0,Arquivado
Latrocínio,Torre,Estupro Coletivo,Objeto Contundente,3,3,55,4,1,Concluído
Sequestro,Santo Amaro,Assalto a Mão Armada,Faca,2,0,33,2,0,Arquivado
Ameaça,Graças,Crime Cibernético,Objeto Contundente,1,1,31,1,1,Concluído
Homicídio,Santo Amaro,Invasão Residencial,Explosivos,1,4,42,2,0,Arquivado
Homicídio,Tamarineira,Estupro Coletivo,Nenhum,3,4,29,7,0,Arquivado
Ameaça,Imbiribeira,Arrombamento,Faca,0,2,43,6,1,Concluído
Tráfico de Drogas,Torre,Fraude Online,Objeto Contundente,3,2,57,4,1,Concluído
Sequestro,Espinheiro,Golpe Telefônico,Arma de Fogo,1,4,26,3,1,Concluído
Furto,Pina,Crime Cibernético,Arma de Fogo,1,0,59,0,0,Arquivado
Homicídio,Espinheiro,Golpe Telefônico,Faca,2,2,66,3,1,Concluído
Tráfico de Drogas,Graças,Assalto a Mão Armada,Faca,1,2,41,1,0,Arquivado
Estelionato,Pina,Invasão Residencial,Explosivos,2,3,64,0,0,Arquivado
Violência Doméstica,Tamarineira,Fraude Online,Arma de Fogo,1,2,39,7,1,Concluído
Sequestro,Tamarineira,Golpe Telefônico,Faca,3,0,48,7,1,Concluído
Roubo,Casa Forte,Uso de Arma de Fogo,Nenhum,1,0,57,2,1,Concluído
Violência Doméstica,Graças,Invasão Residencial,Objeto Contundente,1,2,28,1,1,Concluído
Furto,Graças,Estelionato Bancário,Nenhum,3,2,69,1,1,Concluído
Ameaça,Boa Viagem,Emboscada,Explosivos,3,3,53,8,0,Arquivado
Estupro,Espinheiro,Estelionato Bancário,Nenhum,3,3,66,3,1,Concluído
Estupro,Boa Viagem,Crime Cibernético,Faca,4,4,35,8,0,Arquivado
Estelionato,Boa Viagem,Uso de Arma de Fogo,Explosivos,4,0,25,8,1,Concluído
Homicídio,Tamarineira,Fraude Online,Faca,2,0,64,7,1,Concluído
Homicídio,Espinheiro,Uso de Arma de Fogo,Objeto Contundente,3,0,46,3,1,Concluído
Tráfico de Drogas,Graças,Emboscada,Explosivos,1,1,17,1,1,Concluído
Tráfico de Drogas,Tamarineira,Golpe Telefônico,Arma de Fogo,4,3,18,7,1,Concluído
Violência Doméstica,Torre,Invasão Residencial,Objeto Contundente,3,0,33,4,0,Arquivado
Sequestro,Graças,Emboscada,Arma de Fogo,2,4,56,1,1,Concluído
Latrocínio,Graças,Emboscada,Arma de Fogo,2,4,51,1,0,Arquivado
Latrocínio,Boa Viagem,Emboscada,Arma de Fogo,2,3,52,8,0,Arquivado
Estelionato,Graças,Assalto a Mão Armada,Arma de Fogo,3,4,50,1,0,Arquivado
Sequestro,Tamarineira,Invasão Residencial,Nenhum,4,3,41,7,1,Concluído
Latrocínio,Pina,Crime Cibernético,Objeto Contundente,1,0,68,0,0,Arquivado
Ameaça,Casa Forte,Uso de Arma de Fogo,Objeto Contundente,2,2,40,2,1,Concluído
Latrocínio,Afogados,Emboscada,Objeto Contundente,1,4,23,5,1,Concluído
Furto,Imbiribeira,Invasão Residencial,Objeto Contundente,3,2,42,6,0,Arquivado
Tráfico de Drogas,Pina,Uso de Arma de Fogo,Objeto Contundente,4,0,23,0,0,Arquivado
Homicídio,Torre,Fraude Online,Faca,2,3,66,4,0,Arquivado
Ameaça,Pina,Assalto a Mão Armada,Objeto Contundente,0,4,15,0,0,Arquivado
Violência Doméstica,Graças,Crime Cibernético,Arma de Fogo,3,4,60,1,1,Concluído
Latrocínio,Santo Amaro,Invasão Residencial,Nenhum,4,0,15,2,1,Concluído
Roubo,Espinheiro,Emboscada,Nenhum,4,3,69,3,0,Arquivado
Ameaça,Espinheiro,Estupro Coletivo,Faca,4,1,61,3,0,Arquivado
Ameaça,Boa Viagem,Invasão Residencial,Explosivos,1,4,69,8,1,Concluído
Estupro,Santo Amaro,Estupro Coletivo,Explosivos,4,2,64,2,0,Arquivado
Sequestro,Imbiribeira,Crime Cibernético,Nenhum,2,3,31,6,1,Concluído
Tráfico de Drogas,Espinheiro,Uso de Arma de Fogo,Objeto Contundente,2,1,14,3,1,Concluído
Latrocínio,Afogados,Invasão Residencial,Nenhum,1,1,65,5,1,Concluído
Latrocínio,Graças,Emboscada,Nenhum,1,3,66,1,1,Concluído
Ameaça,Santo Amaro,Invasão Residencial,Faca,0,0,63,2,0,Arquivado
Furto,Afogados,Estelionato Bancário,Arma de Fogo,4,3,47,5,1,Concluído
Sequestro,Casa Forte,Emboscada,Objeto Contundente,3,2,68,2,1,Concluído
Estupro,Boa Viagem,Fraude Online,Arma de Fogo,0,3,21,8,0,Arquivado
Sequestro,Espinheiro,Estelionato Bancário,Explosivos,3,2,62,3,0,Arquivado
Roubo,Casa Forte,Emboscada,Arma de Fogo,1,1,30,2,0,Arquivado
Roubo,Pina,Estupro Coletivo,Objeto Contundente,0,3,39,0,1,Concluído
Homicídio,Torre,Golpe Telefônico,Faca,4,2,36,4,1,Concluído
Estelionato,Pina,Assalto a Mão Armada,Nenhum,4,0,50,0,1,Concluído
Violência Doméstica,Tamarineira,Uso de Arma de Fogo,Arma de Fogo,3,2,23,7,0,Arquivado
Sequestro,Pina,Golpe Telefônico,Arma de Fogo,1,3,41,0,1,Concluído
Ameaça,Torre,Estupro Coletivo,Nenhum,0,1,15,4,1,Concluído
Homicídio,Imbiribeira,Arrombamento,Arma de Fogo,2,3,36,6,0,Arquivado
Estelionato,Espinheiro,Arrombamento,Explosivos,2,0,45,3,0,Arquivado
Estelionato,Tamarineira,Estupro Coletivo,Explosivos,2,0,69,7,0,Arquivado
Homicídio,Pina,Arrombamento,Explosivos,1,4,28,0,0,Arquivado
Estelionato,Santo Amaro,Invasão Residencial,Faca,4,4,56,2,0,Arquivado
Sequestro,Imbiribeira,Estelionato Bancário,Objeto Contundente,2,2,35,6,0,Arquivado
Sequestro,Afogados,Assalto a Mão Armada,Nenhum,3,2,21,5,0,Arquivado
Ameaça,Torre,Crime Cibernético,Nenhum,4,3,52,4,0,Arquivado
Homicídio,Graças,Crime Cibernético,Explosivos,3,0,14,1,1,Concluído
Latrocínio,Espinheiro,Estupro Coletivo,Explosivos,2,3,60,3,0,Arquivado
Roubo,Imbiribeira,Estupro Coletivo,Objeto Contundente,3,2,60,6,1,Concluído
Violência Doméstica,Boa Viagem,Uso de Arma de Fogo,Objeto Contundente,2,1,49,8,1,Concluído
Roubo,Torre,Uso de Arma de Fogo,Faca,1,3,47,4,1,Concluído
Latrocínio,Graças,Emboscada,Faca,1,3,67,1,0,Arquivado
Sequestro,Graças,Emboscada,Arma de Fogo,2,1,66,1,0,Arquivado
Violência Doméstica,Casa Forte,Emboscada,Nenhum,4,2,19,2,0,Arquivado
Ameaça,Graças,Arrombamento,Arma de Fogo,1,3,39,1,1,Concluído
Sequestro,Pina,Uso de Arma de Fogo,Objeto Contundente,1,4,20,0,0,Arquivado
Sequestro,Boa Viagem,Crime Cibernético,Nenhum,1,4,38,8,1,Concluído
Roubo,Torre,Assalto a Mão Armada,Nenhum,0,1,63,4,1,Concluído
Latrocínio,Santo Amaro,Estelionato Bancário,Explosivos,0,3,33,2,1,Concluído
Furto,Torre,Emboscada,Objeto Contundente,3,2,45,4,0,Arquivado
Latrocínio,Espinheiro,Fraude Online,Nenhum,1,4,60,3,0,Arquivado
Tráfico de Drogas,Graças,Estupro Coletivo,Explosivos,4,2,18,1,1,Concluído
Tráfico de Drogas,Pina,Emboscada,Faca,1,4,39,0,1,Concluído
Estelionato,Boa Viagem,Assalto a Mão Armada,Objeto Contundente,0,4,33,8,0,Arquivado
Violência Doméstica,Torre,Estupro Coletivo,Arma de Fogo,2,3,15,4,0,Arquivado
Latrocínio,Graças,Fraude Online,Faca,4,4,66,1,0,Arquivado
Tráfico de Drogas,Graças,Fraude Online,Explosivos,4,3,52,1,1,Concluído
Furto,Imbiribeira,Uso de Arma de Fogo,Arma de Fogo,2,4,29,6,0,Arquivado
Estupro,Espinheiro,Invasão Residencial,Arma de Fogo,3,0,22,3,0,Arquivado
Latrocínio,Pina,Arrombamento,Nenhum,4,3,23,0,1,Concluído
Violência Doméstica,Torre,Golpe Telefônico,Objeto Contundente,4,1,16,4,0,Arquivado
Violência Doméstica,Santo Amaro,Emboscada,Faca,2,2,21,2,0,Arquivado
Homicídio,Espinheiro,Estupro Coletivo,Faca,1,0,29,3,1,Concluído
Homicídio,Tamarineira,Assalto a Mão Armada,Explosivos,4,3,19,7,0,Arquivado
Sequestro,Imbiribeira,Arrombamento,Faca,2,2,32,6,1,Concluído
Furto,Afogados,Invasão Residencial,Objeto Contundente,0,1,18,5,1,Concluído
Violência Doméstica,Espinheiro,Emboscada,Objeto Contundente,3,0,69,3,0,Arquivado
Furto,Casa Forte,Uso de Arma de Fogo,Explosivos,1,1,53,2,0,Arquivado
Ameaça,Afogados,Uso de Arma de Fogo,Faca,0,0,48,5,1,Concluído
Violência Doméstica,Pina,Estelionato Bancário,Nenhum,1,4,49,0,1,Concluído
Estupro,Casa Forte,Arrombamento,Explosivos,2,0,19,2,0,Arquivado
Latrocínio,Afogados,Uso de Arma de Fogo,Faca,4,3,34,5,0,Arquivado
Estelionato,Tamarineira,Estelionato Bancário,Objeto Contundente,2,2,56,7,1,Concluído
Violência Doméstica,Casa Forte,Fraude Online,Arma de Fogo,1,3,49,2,0,Arquivado
Tráfico de Drogas,Pina,Assalto a Mão Armada,Faca,3,1,25,0,0,Arquivado
Latrocínio,Pina,Golpe Telefônico,Objeto Contundente,3,0,38,0,1,Concluído
Sequestro,Boa Viagem,Crime Cibernético,Objeto Contundente,1,1,38,8,0,Arquivado
Homicídio,Imbiribeira,Invasão Residencial,Explosivos,0,1,40,6,0,Arquivado
Sequestro,Graças,Fraude Online,Explosivos,1,1,19,1,1,Concluído
Roubo,Tamarineira,Arrombamento,Nenhum,1,3,64,7,0,Arquivado
Estupro,Casa Forte,Invasão Residencial,Faca,4,3,69,2,0,Arquivado
Ameaça,Afogados,Assalto a Mão Armada,Nenhum,4,3,64,5,0,Arquivado
Homicídio,Espinheiro,Golpe Telefônico,Explosivos,0,4,14,3,1,Concluído
Roubo,Afogados,Estupro Coletivo,Faca,0,1,14,5,0,Arquivado
Sequestro,Torre,Golpe Telefônico,Arma de Fogo,2,4,62,4,1,Concluído
Violência Doméstica,Boa Viagem,Fraude Online,Faca,3,3,66,8,1,Concluído
Estupro,Imbiribeira,Golpe Telefônico,Faca,2,0,28,6,0,Arquivado
Estupro,Imbiribeira,Emboscada,Objeto Contundente,1,4,47,6,0,Arquivado
Sequestro,Imbiribeira,Estupro Coletivo,Objeto Contundente,1,2,42,6,0,Arquivado
Sequestro,Graças,Golpe Telefônico,Arma de Fogo,1,3,64,1,0,Arquivado
Violência Doméstica,Espinheiro,Fraude Online,Nenhum,1,1,50,3,1,Concluído
Latrocínio,Espinheiro,Estupro Coletivo,Faca,3,2,67,3,0,Arquivado
Violência Doméstica,Pina,Estupro Coletivo,Explosivos,4,4,37,0,0,Arquivado
Homicídio,Boa Viagem,Invasão Residencial,Explosivos,4,3,32,8,1,Concluído
Homicídio,Boa Viagem,Estelionato Bancário,Nenhum,0,2,62,8,1,Concluído
Latrocínio,Pina,Emboscada,Nenhum,3,1,33,0,1,Concluído
Roubo,Afogados,Emboscada,Arma de Fogo,4,4,69,5,0,Arquivado
Latrocínio,Santo Amaro,Golpe Telefônico,Faca,2,4,43,2,1,Concluído
Tráfico de Drogas,Boa Viagem,Fraude Online,Nenhum,2,3,31,8,1,Concluído
Sequestro,Santo Amaro,Fraude Online,Faca,4,2,29,2,1,Concluído
Tráfico de Drogas,Tamarineira,Arrombamento,Faca,3,4,60,7,0,Arquivado
Estelionato,Graças,Invasão Residencial,Arma de Fogo,0,3,27,1,1,Concluído
Tráfico de Drogas,Imbiribeira,Arrombamento,Explosivos,3,2,54,6,0,Arquivado
Latrocínio,Santo Amaro,Estupro Coletivo,Faca,3,3,55,2,0,Arquivado
Ameaça,Tamarineira,Crime Cibernético,Objeto Contundente,2,2,63,7,0,Arquivado
Roubo,Santo Amaro,Invasão Residencial,Objeto Contundente,4,3,15,2,1,Concluído
Latrocínio,Graças,Assalto a Mão Armada,Objeto Contundente,1,3,51,1,0,Arquivado
Homicídio,Afogados,Estupro Coletivo,Objeto Contundente,0,0,38,5,0,Arquivado
Tráfico de Drogas,Imbiribeira,Uso de Arma de Fogo,Nenhum,1,3,36,6,1,Concluído
Violência Doméstica,Graças,Arrombamento,Explosivos,2,3,32,1,0,Arquivado
Roubo,Casa Forte,Golpe Telefônico,Faca,3,3,65,2,0,Arquivado
Ameaça,Santo Amaro,Fraude Online,Nenhum,2,4,19,2,0,Arquivado
Furto,Santo Amaro,Estupro Coletivo,Nenhum,2,0,41,2,0,Arquivado
Estupro,Pina,Crime Cibernético,Explosivos,0,0,39,0,1,Concluído
Roubo,Pina,Estupro Coletivo,Explosivos,0,2,54,0,1,Concluído
Sequestro,Boa Viagem,Estupro Coletivo,Explosivos,1,0,69,8,0,Arquivado
Violência Doméstica,Pina,Fraude Online,Explosivos,2,3,67,0,1,Concluído
Furto,Casa Forte,Assalto a Mão Armada,Nenhum,3,3,26,2,1,Concluído
Estelionato,Imbiribeira,Estelionato Bancário,Explosivos,2,3,65,6,1,Concluído
Furto,Casa Forte,Emboscada,Faca,2,3,23,2,1,Concluído
Ameaça,Santo Amaro,Arrombamento,Faca,4,3,59,2,1,Concluído
Ameaça,Casa Forte,Estelionato Bancário,Explosivos,1,1,15,2,1,Concluído
Sequestro,Tamarineira,Crime Cibernético,Arma de Fogo,2,1,54,7,1,Concluído
Violência Doméstica,Santo Amaro,Fraude Online,Faca,1,3,15,2,0,Arquivado
Sequestro,Afogados,Crime Cibernético,Objeto Contundente,0,3,21,5,0,Arquivado
Sequestro,Pina,Uso de Arma de Fogo,Nenhum,1,3,66,0,1,Concluído
Ameaça,Boa Viagem,Crime Cibernético,Faca,4,0,50,8,1,Concluído
Latrocínio,Casa Forte,Invasão Residencial,Arma de Fogo,0,1,25,2,0,Arquivado
Ameaça,Boa Viagem,Assalto a Mão Armada,Faca,3,4,17,8,0,Arquivado
Sequestro,Graças,Fraude Online,Nenhum,0,2,19,1,1,Concluído
Violência Doméstica,Tamarineira,Arrombamento,Arma de Fogo,1,4,45,7,0,Arquivado
Homicídio,Boa Viagem,Uso de Arma de Fogo,Faca,1,4,41,8,0,Arquivado
Sequestro,Santo Amaro,Emboscada,Faca,3,3,61,2,0,Arquivado
Sequestro,Torre,Fraude Online,Objeto Contundente,3,3,33,4,0,Arquivado
Sequestro,Boa Viagem,Estupro Coletivo,Explosivos,1,4,38,8,1,Concluído
Homicídio,Casa Forte,Estelionato Bancário,Faca,2,2,65,2,1,Concluído
Roubo,Tamarineira,Crime Cibernético,Nenhum,3,1,44,7,0,Arquivado
Estelionato,Imbiribeira,Emboscada,Arma de Fogo,4,1,18,6,1,Concluído
Violência Doméstica,Imbiribeira,Estupro Coletivo,Arma de Fogo,1,1,31,6,0,Arquivado
Sequestro,Espinheiro,Estupro Coletivo,Explosivos,1,3,29,3,0,Arquivado
Homicídio,Tamarineira,Uso de Arma de Fogo,Faca,2,1,67,7,0,Arquivado
Latrocínio,Santo Amaro,Fraude Online,Explosivos,3,2,58,2,0,Arquivado
Sequestro,Imbiribeira,Estelionato Bancário,Objeto Contundente,4,0,56,6,1,Concluído
Estupro,Imbiribeira,Golpe Telefônico,Nenhum,0,4,60,6,1,Concluído
Sequestro,Afogados,Assalto a Mão Armada,Objeto Contundente,1,0,36,5,0,Arquivado
Tráfico de Drogas,Tamarineira,Emboscada,Explosivos,3,1,55,7,1,Concluído
Estelionato,Casa Forte,Invasão Residencial,Explosivos,1,4,62,2,0,Arquivado
Ameaça,Pina,Arrombamento,Explosivos,0,0,58,0,1,Concluído
Ameaça,Tamarineira,Estupro Coletivo,Nenhum,2,2,33,7,1,Concluído
Latrocínio,Pina,Assalto a Mão Armada,Objeto Contundente,3,1,63,0,1,Concluído
Estupro,Santo Amaro,Estelionato Bancário,Nenhum,0,2,35,2,1,Concluído
Sequestro,Boa Viagem,Golpe Telefônico,Arma de Fogo,3,4,31,8,0,Arquivado
Estupro,Imbiribeira,Estupro Coletivo,Faca,2,1,36,6,1,Concluído
Tráfico de Drogas,Casa Forte,Arrombamento,Arma de Fogo,3,2,42,2,1,Concluído
Latrocínio,Espinheiro,Assalto a Mão Armada,Objeto Contundente,2,3,23,3,0,Arquivado
Latrocínio,Tamarineira,Fraude Online,Nenhum,2,1,64,7,1,Concluído
Sequestro,Torre,Arrombamento,Explosivos,2,0,53,4,0,Arquivado
Tráfico de Drogas,Boa Viagem,Fraude Online,Faca,4,0,53,8,0,Arquivado
Furto,Afogados,Crime Cibernético,Explosivos,4,1,47,5,1,Concluído
Violência Doméstica,Afogados,Estelionato Bancário,Faca,1,1,24,5,1,Concluído
Ameaça,Torre,Estupro Coletivo,Objeto Contundente,1,0,69,4,1,Concluído
Ameaça,Afogados,Golpe Telefônico,Explosivos,1,1,49,5,1,Concluído
Sequestro,Tamarineira,Emboscada,Arma de Fogo,3,0,68,7,1,Concluído
Sequestro,Torre,Estupro Coletivo,Objeto Contundente,2,1,15,4,0,Arquivado
Homicídio,Imbiribeira,Estupro Coletivo,Nenhum,4,2,53,6,0,Arquivado
Furto,Afogados,Crime Cibernético,Objeto Contundente,4,4,49,5,0,Arquivado
Sequestro,Boa Viagem,Fraude Online,Arma de Fogo,3,0,66,8,1,Concluído
Sequestro,Boa Viagem,Uso de Arma de Fogo,Arma de Fogo,4,1,62,8,0,Arquivado
Ameaça,Afogados,Arrombamento,Arma de Fogo,0,3,29,5,1,Concluído
Violência Doméstica,Graças,Fraude Online,Nenhum,2,2,36,1,0,Arquivado
Tráfico de Drogas,Espinheiro,Assalto a Mão Armada,Faca,0,0,14,3,0,Arquivado
Latrocínio,Pina,Emboscada,Objeto Contundente,0,1,42,0,0,Arquivado
Sequestro,Tamarineira,Arrombamento,Nenhum,3,1,43,7,0,Arquivado
Homicídio,Boa Viagem,Estelionato Bancário,Faca,0,1,42,8,0,Arquivado
Latrocínio,Boa Viagem,Crime Cibernético,Arma de Fogo,1,1,45,8,1,Concluído
Sequestro,Boa Viagem,Estelionato Bancário,Explosivos,1,3,30,8,0,Arquivado
Estupro,Afogados,Estelionato Bancário,Faca,4,0,15,5,0,Arquivado
Homicídio,Graças,Estelionato Bancário,Nenhum,0,2,59,1,1,Concluído
Estelionato,Espinheiro,Emboscada,Arma de Fogo,3,4,51,3,0,Arquivado
Sequestro,Santo Amaro,Assalto a Mão Armada,Explosivos,1,0,64,2,1,Concluído
Estelionato,Espinheiro,Arrombamento,Faca,0,1,42,3,1,Concluído
Estupro,Boa Viagem,Estelionato Bancário,Objeto Contundente,0,3,56,8,1,Concluído
Roubo,Imbiribeira,Golpe Telefônico,Arma de Fogo,1,0,26,6,1,Concluído
Violência Doméstica,Torre,Emboscada,Explosivos,3,0,34,4,1,Concluído
Estupro,Imbiribeira,Estupro Coletivo,Arma de Fogo,4,4,20,6,1,Concluído
Latrocínio,Casa Forte,Crime Cibernético,Objeto Contundente,2,1,24,2,0,Arquivado
Violência Doméstica,Graças,Estelionato Bancário,Objeto Contundente,3,4,59,1,0,Arquivado
Roubo,Afogados,Estelionato Bancário,Faca,2,0,25,5,0,Arquivado
Sequestro,Imbiribeira,Invasão Residencial,Explosivos,4,2,37,6,1,Concluído
Tráfico de Drogas,Graças,Estupro Coletivo,Faca,2,4,51,1,0,Arquivado
Violência Doméstica,Pina,Assalto a Mão Armada,Nenhum,1,3,67,0,1,Concluído
Roubo,Afogados,Arrombamento,Objeto Contundente,0,1,57,5,1,Concluído
Furto,Casa Forte,Uso de Arma de Fogo,Objeto Contundente,4,3,61,2,0,Arquivado
Sequestro,Graças,Arrombamento,Nenhum,3,4,25,1,1,Concluído
Homicídio,Imbiribeira,Golpe Telefônico,Explosivos,2,1,54,6,1,Concluído
Sequestro,Santo Amaro,Fraude Online,Explosivos,2,1,52,2,1,Concluído
Estelionato,Tamarineira,Arrombamento,Faca,0,4,42,7,0,Arquivado
Estupro,Casa Forte,Arrombamento,Explosivos,1,3,52,2,1,Concluído
Ameaça,Boa Viagem,Invasão Residencial,Arma de Fogo,4,3,34,8,0,Arquivado
Ameaça,Imbiribeira,Assalto a Mão Armada,Arma de Fogo,0,3,49,6,0,Arquivado
Roubo,Casa Forte,Arrombamento,Faca,3,4,29,2,1,Concluído
Latrocínio,Boa Viagem,Uso de Arma de Fogo,Arma de Fogo,2,3,35,8,0,Arquivado
Estupro,Boa Viagem,Invasão Residencial,Arma de Fogo,0,0,31,8,0,Arquivado
Furto,Graças,Crime Cibernético,Nenhum,1,0,15,1,0,Arquivado
Estelionato,Pina,Crime Cibernético,Explosivos,3,3,17,0,1,Concluído
Roubo,Imbiribeira,Arrombamento,Faca,4,3,62,6,1,Concluído
Estupro,Graças,Emboscada,Objeto Contundente,2,1,14,1,0,Arquivado
Furto,Graças,Estupro Coletivo,Nenhum,0,3,48,1,1,Concluído
Sequestro,Boa Viagem,Emboscada,Faca,2,2,24,8,0,Arquivado
Sequestro,Boa Viagem,Estelionato Bancário,Arma de Fogo,1,1,21,8,0,Arquivado
Estupro,Torre,Emboscada,Objeto Contundente,0,3,34,4,0,Arquivado
Ameaça,Tamarineira,Emboscada,Explosivos,0,2,23,7,0,Arquivado
Estelionato,Pina,Assalto a Mão Armada,Objeto Contundente,3,4,26,0,1,Concluído
Sequestro,Santo Amaro,Arrombamento,Explosivos,3,3,20,2,1,Concluído
Furto,Tamarineira,Golpe Telefônico,Explosivos,3,4,15,7,0,Arquivado
Ameaça,Afogados,Crime Cibernético,Objeto Contundente,4,4,41,5,0,Arquivado
Estelionato,Afogados,Golpe Telefônico,Explosivos,0,2,27,5,0,Arquivado
Estelionato,Torre,Invasão Residencial,Arma de Fogo,3,2,66,4,0,Arquivado
Furto,Imbiribeira,Golpe Telefônico,Faca,4,2,51,6,1,Concluído
Homicídio,Boa Viagem,Invasão Residencial,Nenhum,0,1,54,8,0,Arquivado
Violência Doméstica,Afogados,Golpe Telefônico,Arma de Fogo,4,0,23,5,1,Concluído
Latrocínio,Espinheiro,Estelionato Bancário,Objeto Contundente,3,3,42,3,1,Concluído
Ameaça,Graças,Emboscada,Arma de Fogo,3,4,59,1,1,Concluído
Ameaça,Tamarineira,Crime Cibernético,Faca,4,1,21,7,1,Concluído
Furto,Boa Viagem,Uso de Arma de Fogo,Nenhum,2,1,49,8,0,Arquivado
Latrocínio,Pina,Fraude Online,Faca,3,1,25,0,1,Concluído
Estupro,Torre,Invasão Residencial,Explosivos,0,0,59,4,1,Concluído
Estelionato,Graças,Fraude Online,Nenhum,0,4,47,1,0,Arquivado
Estelionato,Imbiribeira,Golpe Telefônico,Nenhum,4,4,33,6,1,Concluído
Sequestro,Pina,Golpe Telefônico,Objeto Contundente,0,4,59,0,0,Arquivado
Estelionato,Torre,Emboscada,Faca,2,4,55,4,0,Arquivado
Furto,Tamarineira,Assalto a Mão Armada,Faca,4,3,16,7,1,Concluído
Latrocínio,Pina,Fraude Online,Nenhum,3,3,21,0,0,Arquivado
Homicídio,Santo Amaro,Golpe Telefônico,Arma de Fogo,1,4,29,2,1,Concluído
Sequestro,Santo Amaro,Uso de Arma de Fogo,Explosivos,4,0,41,2,0,Arquivado
Latrocínio,Santo Amaro,Assalto a Mão Armada,Nenhum,4,3,15,2,1,Concluído
Estelionato,Boa Viagem,Estupro Coletivo,Nenhum,2,1,61,8,0,Arquivado
Ameaça,Imbiribeira,Estupro Coletivo,Arma de Fogo,0,2,37,6,0,Arquivado
Homicídio,Santo Amaro,Uso de Arma de Fogo,Faca,0,0,21,2,1,Concluído
Estelionato,Boa Viagem,Emboscada,Explosivos,1,4,17,8,1,Concluído
Estelionato,Pina,Estupro Coletivo,Objeto Contundente,1,1,24,0,1,Concluído
Violência Doméstica,Afogados,Emboscada,Faca,0,2,45,5,1,Concluído
Estupro,Casa Forte,Invasão Residencial,Explosivos,4,4,52,2,1,Concluído
Estelionato,Imbiribeira,Estupro Coletivo,Explosivos,4,0,69,6,0,Arquivado
Ameaça,Santo Amaro,Assalto a Mão Armada,Nenhum,0,1,42,2,1,Concluído
Tráfico de Drogas,Boa Viagem,Uso de Arma de Fogo,Nenhum,3,4,67,8,0,Arquivado
Violência Doméstica,Pina,Estelionato Bancário,Arma de Fogo,0,1,46,0,1,Concluído
Homicídio,Pina,Emboscada,Nenhum,4,4,25,0,1,Concluído
Latrocínio,Graças,Assalto a Mão Armada,Objeto Contundente,1,1,33,1,1,Concluído
Homicídio,Tamarineira,Assalto a Mão Armada,Objeto Contundente,2,4,55,7,1,Concluído
Sequestro,Graças,Crime Cibernético,Explosivos,0,0,66,1,0,Arquivado
Ameaça,Graças,Golpe Telefônico,Objeto Contundente,1,2,61,1,1,Concluído
Roubo,Tamarineira,Fraude Online,Explosivos,1,4,26,7,0,Arquivado
Homicídio,Torre,Estelionato Bancário,Faca,4,3,47,4,0,Arquivado
Roubo,Pina,Emboscada,Explosivos,0,0,24,0,0,Arquivado
Roubo,Boa Viagem,Emboscada,Faca,1,0,26,8,0,Arquivado
Estupro,Afogados,Invasão Residencial,Explosivos,1,1,67,5,0,Arquivado
Ameaça,Torre,Estelionato Bancário,Explosivos,1,4,40,4,0,Arquivado
Tráfico de Drogas,Boa Viagem,Estelionato Bancário,Explosivos,3,4,39,8,0,Arquivado
Roubo,Torre,Fraude Online,Nenhum,4,3,42,4,0,Arquivado
Latrocínio,Santo Amaro,Estelionato Bancário,Arma de Fogo,3,4,30,2,0,Arquivado
Latrocínio,Santo Amaro,Arrombamento,Explosivos,4,0,48,2,1,Concluído
Sequestro,Torre,Assalto a Mão Armada,Nenhum,3,3,49,4,1,Concluído
Ameaça,Pina,Estupro Coletivo,Explosivos,0,2,45,0,1,Concluído
Homicídio,Afogados,Assalto a Mão Armada,Objeto Contundente,1,3,18,5,1,Concluído
Estupro,Torre,Estupro Coletivo,Faca,0,4,54,4,0,Arquivado
Estelionato,Afogados,Uso de Arma de Fogo,Explosivos,0,4,54,5,1,Concluído
Latrocínio,Tamarineira,Arrombamento,Faca,2,2,65,7,1,Concluído
Estupro,Casa Forte,Uso de Arma de Fogo,Faca,1,3,60,2,1,Concluído
Sequestro,Tamarineira,Uso de Arma de Fogo,Explosivos,1,0,67,7,1,Concluído
Estupro,Pina,Estupro Coletivo,Nenhum,0,3,53,0,1,Concluído
Estelionato,Espinheiro,Crime Cibernético,Explosivos,3,3,22,3,0,Arquivado
Sequestro,Casa Forte,Uso de Arma de Fogo,Nenhum,1,4,21,2,1,Concluído
Tráfico de Drogas,Casa Forte,Fraude Online,Arma de Fogo,0,3,65,2,1,Concluído
Homicídio,Pina,Assalto a Mão Armada,Arma de Fogo,3,1,21,0,0,Arquivado
Sequestro,Casa Forte,Invasão Residencial,Objeto Contundente,2,0,31,2,1,Concluído
Roubo,Imbiribeira,Uso de Arma de Fogo,Explosivos,3,0,35,6,0,Arquivado
Roubo,Tamarineira,Estupro Coletivo,Nenhum,2,1,44,7,0,Arquivado
Furto,Boa Viagem,Estelionato Bancário,Objeto Contundente,1,1,54,8,1,Concluído
Furto,Imbiribeira,Crime Cibernético,Faca,4,2,65,6,1,Concluído
Violência Doméstica,Tamarineira,Fraude Online,Explosivos,0,0,22,7,0,Arquivado
Roubo,Boa Viagem,Crime Cibernético,Objeto Contundente,2,4,46,8,0,Arquivado
Estupro,Santo Amaro,Uso de Arma de Fogo,Arma de Fogo,2,4,30,2,0,Arquivado
Furto,Santo Amaro,Crime Cibernético,Faca,3,4,46,2,1,Concluído
Furto,Imbiribeira,Uso de Arma de Fogo,Arma de Fogo,0,3,59,6,0,Arquivado
Latrocínio,Torre,Crime Cibernético,Explosivos,1,0,30,4,1,Concluído
Latrocínio,Graças,Golpe Telefônico,Nenhum,1,1,57,1,1,Concluído
Roubo,Santo Amaro,Estelionato Bancário,Objeto Contundente,2,3,26,2,0,Arquivado
Ameaça,Pina,Uso de Arma de Fogo,Explosivos,0,0,20,0,0,Arquivado
Tráfico de Drogas,Imbiribeira,Invasão Residencial,Nenhum,3,0,62,6,1,Concluído
Violência Doméstica,Graças,Uso de Arma de Fogo,Arma de Fogo,4,0,38,1,1,Concluído
Violência Doméstica,Graças,Estelionato Bancário,Objeto Contundente,0,0,32,1,0,Arquivado
Violência Doméstica,Pina,Assalto a Mão Armada,Nenhum,0,0,54,0,1,Concluído
Roubo,Boa Viagem,Fraude Online,Nenhum,3,4,14,8,0,Arquivado
Estelionato,Santo Amaro,Arrombamento,Arma de Fogo,3,0,62,2,1,Concluído
Sequestro,Santo Amaro,Arrombamento,Objeto Contundente,3,3,41,2,1,Concluído
Roubo,Boa Viagem,Uso de Arma de Fogo,Explosivos,1,4,68,8,1,Concluído
Tráfico de Drogas,Torre,Golpe Telefônico,Arma de Fogo,0,4,16,4,1,Concluído
Sequestro,Pina,Assalto a Mão Armada,Explosivos,0,3,41,0,0,Arquivado
Furto,Espinheiro,Crime Cibernético,Explosivos,2,0,38,3,1,Concluído
Estelionato,Torre,Uso de Arma de Fogo,Nenhum,1,1,25,4,1,Concluído
Homicídio,Santo Amaro,Estupro Coletivo,Faca,3,4,57,2,1,Concluído
Homicídio,Afogados,Emboscada,Faca,0,3,19,5,0,Arquivado
Estelionato,Espinheiro,Arrombamento,Arma de Fogo,1,1,18,3,1,Concluído
Estupro,Afogados,Emboscada,Explosivos,3,4,59,5,1,Concluído
Estelionato,Tamarineira,Assalto a Mão Armada,Nenhum,3,4,21,7,1,Concluído
Ameaça,Boa Viagem,Estupro Coletivo,Arma de Fogo,4,1,28,8,0,Arquivado
Furto,Boa Viagem,Assalto a Mão Armada,Arma de Fogo,0,0,28,8,1,Concluído
Furto,Casa Forte,Estupro Coletivo,Faca,2,3,41,2,0,Arquivado
Furto,Casa Forte,Invasão Residencial,Explosivos,4,3,63,2,1,Concluído
Ameaça,Casa Forte,Estupro Coletivo,Objeto Contundente,2,0,21,2,0,Arquivado
Latrocínio,Pina,Invasão Residencial,Arma de Fogo,2,1,54,0,1,Concluído
Latrocínio,Imbiribeira,Uso de Arma de Fogo,Faca,0,3,39,6,1,Concluído
Roubo,Graças,Invasão Residencial,Objeto Contundente,2,2,27,1,1,Concluído
Latrocínio,Imbiribeira,Estelionato Bancário,Faca,2,0,53,6,1,Concluído
Furto,Afogados,Arrombamento,Arma de Fogo,3,3,39,5,1,Concluído
Estupro,Imbiribeira,Uso de Arma de Fogo,Nenhum,2,2,17,6,0,Arquivado
Violência Doméstica,Pina,Arrombamento,Arma de Fogo,0,4,40,0,0,Arquivado
Roubo,Torre,Estelionato Bancário,Arma de Fogo,3,4,19,4,1,Concluído
Roubo,Casa Forte,Arrombamento,Nenhum,2,0,55,2,0,Arquivado
Violência Doméstica,Tamarineira,Assalto a Mão Armada,Explosivos,0,4,52,7,0,Arquivado
Estelionato,Graças,Estelionato Bancário,Objeto Contundente,0,0,32,1,1,Concluído
Violência Doméstica,Torre,Estupro Coletivo,Explosivos,0,4,63,4,1,Concluído
Estupro,Afogados,Assalto a Mão Armada,Faca,2,4,38,5,1,Concluído
Sequestro,Torre,Estelionato Bancário,Faca,3,2,43,4,1,Concluído
Estelionato,Boa Viagem,Crime Cibernético,Faca,3,4,21,8,0,Arquivado
Sequestro,Pina,Invasão Residencial,Arma de Fogo,2,1,53,0,0,Arquivado
Latrocínio,Boa Viagem,Invasão Residencial,Nenhum,0,3,23,8,1,Concluído
Estelionato,Pina,Arrombamento,Arma de Fogo,3,0,46,0,1,Concluído
Estupro,Boa Viagem,Crime Cibernético,Faca,2,3,15,8,0,Arquivado
Violência Doméstica,Tamarineira,Estelionato Bancário,Faca,4,1,15,7,1,Concluído
Estupro,Boa Viagem,Assalto a Mão Armada,Explosivos,0,0,42,8,0,Arquivado
Estelionato,Pina,Invasão Residencial,Faca,4,4,51,0,0,Arquivado
Ameaça,Boa Viagem,Arrombamento,Arma de Fogo,0,4,26,8,1,Concluído
Estupro,Graças,Arrombamento,Nenhum,1,1,44,1,0,Arquivado
Estelionato,Boa Viagem,Assalto a Mão Armada,Faca,3,2,68,8,1,Concluído
Estupro,Graças,Fraude Online,Arma de Fogo,0,4,50,1,0,Arquivado
Estupro,Tamarineira,Assalto a Mão Armada,Explosivos,2,1,57,7,1,Concluído
Tráfico de Drogas,Espinheiro,Uso de Arma de Fogo,Explosivos,4,3,68,3,1,Concluído
Roubo,Boa Viagem,Assalto a Mão Armada,Arma de Fogo,0,3,22,8,1,Concluído
Roubo,Casa Forte,Golpe Telefônico,Nenhum,2,2,28,2,1,Concluído
Ameaça,Casa Forte,Uso de Arma de Fogo,Nenhum,1,0,18,2,0,Arquivado
Estupro,Boa Viagem,Emboscada,Explosivos,1,1,31,8,1,Concluído
Estelionato,Afogados,Arrombamento,Explosivos,1,2,53,5,1,Concluído
Homicídio,Pina,Assalto a Mão Armada,Nenhum,1,2,65,0,1,Concluído
Estelionato,Espinheiro,Assalto a Mão Armada,Faca,0,4,41,3,0,Arquivado
Ameaça,Casa Forte,Crime Cibernético,Objeto Contundente,3,1,30,2,0,Arquivado
Furto,Pina,Assalto a Mão Armada,Nenhum,1,0,25,0,1,Concluído
Tráfico de Drogas,Graças,Estupro Coletivo,Nenhum,0,0,58,1,0,Arquivado
Roubo,Pina,Assalto a Mão Armada,Nenhum,4,0,69,0,1,Concluído
Violência Doméstica,Tamarineira,Fraude Online,Explosivos,3,2,42,7,0,Arquivado
Tráfico de Drogas,Pina,Golpe Telefônico,Objeto Contundente,1,0,66,0,0,Arquivado
Roubo,Santo Amaro,Fraude Online,Nenhum,4,0,42,2,0,Arquivado
Latrocínio,Casa Forte,Emboscada,Nenhum,4,0,39,2,1,Concluído
Latrocínio,Espinheiro,Arrombamento,Objeto Contundente,3,0,36,3,1,Concluído
Estelionato,Torre,Assalto a Mão Armada,Arma de Fogo,1,4,35,4,1,Concluído
Latrocínio,Tamarineira,Estupro Coletivo,Faca,0,2,29,7,1,Concluído
Homicídio,Espinheiro,Estupro Coletivo,Nenhum,4,2,35,3,1,Concluído
Violência Doméstica,Casa Forte,Uso de Arma de Fogo,Nenhum,2,1,59,2,0,Arquivado
Estelionato,Espinheiro,Assalto a Mão Armada,Arma de Fogo,1,1,39,3,1,Concluído
Ameaça,Boa Viagem,Estupro Coletivo,Objeto Contundente,2,3,36,8,1,Concluído
Violência Doméstica,Imbiribeira,Estupro Coletivo,Objeto Contundente,3,3,19,6,1,Concluído
Latrocínio,Tamarineira,Estelionato Bancário,Nenhum,2,3,14,7,0,Arquivado
Estelionato,Espinheiro,Emboscada,Faca,1,4,60,3,1,Concluído
Estupro,Afogados,Crime Cibernético,Explosivos,1,4,46,5,1,Concluído
Sequestro,Tamarineira,Fraude Online,Faca,0,2,52,7,1,Concluído
Ameaça,Torre,Emboscada,Nenhum,3,4,47,4,0,Arquivado
Estupro,Tamarineira,Uso de Arma de Fogo,Arma de Fogo,0,0,24,7,0,Arquivado
Latrocínio,Boa Viagem,Golpe Telefônico,Nenhum,2,1,21,8,1,Concluído
Roubo,Casa Forte,Emboscada,Objeto Contundente,0,2,55,2,0,Arquivado
Ameaça,Afogados,Crime Cibernético,Explosivos,1,1,66,5,0,Arquivado
Estelionato,Boa Viagem,Invasão Residencial,Faca,2,0,63,8,0,Arquivado
Tráfico de Drogas,Graças,Assalto a Mão Armada,Nenhum,3,4,29,1,0,Arquivado
Estupro,Tamarineira,Estupro Coletivo,Arma de Fogo,4,0,39,7,0,Arquivado
Estupro,Boa Viagem,Uso de Arma de Fogo,Faca,2,0,58,8,1,Concluído
Estupro,Graças,Fraude Online,Objeto Contundente,3,4,69,1,0,Arquivado
Ameaça,Afogados,Fraude Online,Nenhum,4,3,55,5,1,Concluído
Homicídio,Pina,Invasão Residencial,Explosivos,2,0,54,0,1,Concluído
Estelionato,Pina,Estelionato Bancário,Nenhum,4,0,48,0,0,Arquivado
Estelionato,Tamarineira,Estupro Coletivo,Nenhum,3,3,27,7,0,Arquivado
Tráfico de Drogas,Espinheiro,Emboscada,Explosivos,4,4,21,3,0,Arquivado
Roubo,Imbiribeira,Fraude Online,Explosivos,0,2,20,6,0,Arquivado
Sequestro,Imbiribeira,Arrombamento,Nenhum,4,0,20,6,1,Concluído
Violência Doméstica,Santo Amaro,Uso de Arma de Fogo,Nenhum,4,1,30,2,0,Arquivado
Furto,Casa Forte,Estupro Coletivo,Faca,1,1,41,2,0,Arquivado
Furto,Espinheiro,Arrombamento,Arma de Fogo,0,2,18,3,1,Concluído
Violência Doméstica,Pina,Golpe Telefônico,Objeto Contundente,1,0,51,0,0,Arquivado
Sequestro,Graças,Uso de Arma de Fogo,Explosivos,1,3,59,1,1,Concluído
Latrocínio,Espinheiro,Golpe Telefônico,Faca,0,0,56,3,0,Arquivado
Homicídio,Boa Viagem,Estupro Coletivo,Faca,3,3,35,8,0,Arquivado
Roubo,Imbiribeira,Arrombamento,Nenhum,1,4,24,6,1,Concluído
Violência Doméstica,Imbiribeira,Fraude Online,Objeto Contundente,2,0,52,6,0,Arquivado
Latrocínio,Pina,Crime Cibernético,Objeto Contundente,1,1,18,0,1,Concluído
Furto,Espinheiro,Golpe Telefônico,Objeto Contundente,1,3,55,3,1,Concluído
Roubo,Graças,Invasão Residencial,Nenhum,1,0,32,1,1,Concluído
Estupro,Boa Viagem,Crime Cibernético,Arma de Fogo,4,3,47,8,1,Concluído
Furto,Espinheiro,Invasão Residencial,Explosivos,1,3,61,3,0,Arquivado
Estupro,Afogados,Arrombamento,Nenhum,0,0,66,5,1,Concluído
Homicídio,Santo Amaro,Golpe Telefônico,Objeto Contundente,4,2,43,2,1,Concluído
Furto,Pina,Emboscada,Faca,4,3,34,0,1,Concluído
Estupro,Torre,Fraude Online,Nenhum,4,1,28,4,1,Concluído
Violência Doméstica,Torre,Estupro Coletivo,Arma de Fogo,3,1,49,4,1,Concluído
Tráfico de Drogas,Tamarineira,Golpe Telefônico,Objeto Contundente,4,4,17,7,1,Concluído
Estelionato,Pina,Emboscada,Explosivos,0,4,43,0,1,Concluído
Latrocínio,Torre,Invasão Residencial,Objeto Contundente,0,0,68,4,0,Arquivado
Furto,Imbiribeira,Assalto a Mão Armada,Explosivos,1,3,30,6,0,Arquivado
Estelionato,Torre,Arrombamento,Nenhum,0,4,23,4,1,Concluído
Ameaça,Pina,Golpe Telefônico,Explosivos,2,0,68,0,1,Concluído
